"SM_pred","SMA_pred","label_num","SM_highest_prob","SMA_highest_prob","statement","justification","articles","Tematyczność","Generyczność","Redundancja","Informacyjność","Prawdziwość","Użyteczność","Przydatne fakty","Notatki","subject","speaker","job_title","state","party_affiliation","barely_true_counts","false_counts","half_true_counts","mostly_true_counts","pants_on_fire_counts","context","sentiment","question","grammar_errors","ratio_of_capital_letters","curse","emotion","gibberish","offensiveness","political_bias","SM_prob","SMA_prob"
5,3,5,"0.4311972260475158","0.2399961054325103","In the 2000 Florida election, at least 1,100 eligible voters were wrongly dropped from voting rolls in an attempt to purge a list of felons. Many of those who were dropped showed up to vote and were told they could not.","So the number of cases of in-person fraud by impersonation may be higher than that cited by Levitt, but no independent source suggests it is higher than the number of lightning strikes. Our rating Pocan said: ""More people are struck by lightning than commit in-person voter fraud"" by impersonation. Roughly 300 people per year are struck by lightning in the United States. But cases of voter fraud -- someone impersonating another voter -- are documented even less often.","The 2000 Florida gubernatorial election remains a deeply controversial chapter in American political history. Amidst the infamous recount crisis, another issue emerged that has been ignored by some and continues to generate concern: the purging of voter rolls. Evidence suggests that at least 1,100 eligible voters were wrongly disenfranchised in the wake of the 2000 election in an effort to eliminate a list of felons from the voting rolls. Many of those individuals who were wrongfully removed from the rolls participated in the election process, only to be informed by election officials that they were ineligible to vote. These events, coupled with the ongoing legal challenges and public outcry over the recount process, underscore the critical need to ensure fair and accurate voter registration and election procedures. The case of the 1,100 wrongly purged individuals highlights the potential for electoral fraud and highlights the importance of safeguards against such abuses. The 2000 election witnessed a significant level of scrutiny and debate due to the highly controversial recount process. Beyond the recount, another significant issue involved the potential for voter suppression, particularly through voter purges. This problem emerged in the aftermath of the election, raising concerns about the effectiveness and fairness of voter registration procedures and the potential for discriminatory",1,0,0,1,2,1,"- informacja na temat skandalu dotyczącego ponownego przeliczenia głosów na Florydzie  w wyborach na prezydenta USA w 2000r
- informacja o publicznym oburzeniu związanym z ponownym przeliczeniem głosów
- informacja o potrzebie wprowadzenia zabezpieczeń przed podobnymi nadużyciami związanymi z usunięciem wyborców z list wyborczych
- informacja o znacznym poziomie kontroli podczas wyborów i o debacie na temat kontrowersyjnego ponownego przeliczenia głosów
- informacja o potencjale dyskryminacji w precedurze rejestracji wyborców","https://en.wikipedia.org/wiki/2000_United_States_presidential_election_in_Florida
https://www.politifact.com/factchecks/2012/jun/05/bill-nelson/bill-nelson-compares-rick-scotts-voter-purge-2000-/
https://www.theguardian.com/world/2001/feb/17/usa.julianborger

Przykład dotyczy wyborów prezydenckich w USA w 2000 roku. Do wyborów przystąpili wtedy Goerge W. Bush i Al Gore. Goerge W. Bush wygrał przewagą zaledwie 537 głosów. W tym czasie prawodawcy stanowi przedłożyli Departamentowi Stanu usunięcie przestępców i innych niekwalifikowanych ludzi z list wyborczych. W tym celu zatrudniono firmę Database Technologies (DBT) aby sporządziła listę takich ludzi, ale jednocześnie departament poprosił o użycie szerokich parametrów, aby więcej ludzi trafiło na taką listę. W wyniku tego i innych nieprawidłowości wielu ludzi zostało nieprawidłowo usuniętych z list głosowania pomimo że nie byli przestępcami. To mogło znacząco zmienić wyniki wyborów w stanie Floryda, ponieważ przynajmniej 1100 zdolnych do głosowania wyborców zostało usuniętych nieprawidłowo z list wyborczych, co jest większą liczbą niż różnica głosów. NAACP i American Civil Liberties Union pozwali państwo argumentując, że usunięcie z list wyborczych pozbawiło praw obywatelskich czarnoskórych obywateli. W wyniku bardzo niskiej różnicy głosów stan Floryda, na mocy własnego prawa, był zmuszony do przeprowadzenia ponownego przeliczenia głosów, podczas którego pojawiły się kolejne nieprawidłowości.","elections","bill-nelson",,"Florida","democrat",3,1,8,10,0,"letter to Gov. Rick Scott","negative","not_question",0,"1.37","non-curse","anger","clean","non-offensive","RIGHT","[0.0053644245490431786, 0.08360599726438522, 0.07770413905382156, 0.21128278970718384, 0.19084542989730835, 0.43119722604751587]","[0.015866268426179886, 0.15834851562976837, 0.1666778326034546, 0.23999610543251038, 0.2131844460964203, 0.2059268355369568]"
5,3,5,"0.4286588132381439","0.2858987152576446","Says Milken Institute rated San Antonio as nations top-performing local economy.","San Antonio hasnt just been holding steady in the economic downturn; its been gaining ground, even compared to other Texas cities.","San Antonio, Texas, has been lauded by the Milken Institute as a top-performing local economy, a testament to the city's dedication to creating a robust and dynamic industrial landscape. The Milken Institute, renowned for its research on economic performance and policy implications, has recognized San Antonio's remarkable strides in economic growth and its impressive overall performance in several critical areas.  This recognition highlights the city's proactive efforts and innovative strategies in attracting and retaining businesses, fostering entrepreneurship, and developing a vibrant talent pipeline. San Antonio's success is attributed to its diverse portfolio of industries, ranging from aerospace and defense to healthcare and technology, each contributing to the city's remarkable progress. The report emphasizes the strong economic indicators within San Antonio, including the high concentration of research and development activities, robust entrepreneurial ecosystem, and an established network of highly skilled professionals. This recognition further strengthens San Antonio's position as a beacon for investors and a center of economic development for the nation. This accomplishment underscores the city's commitment to fostering a thriving economic future and demonstrates the remarkable progress achieved through strategic planning and execution.",1,1,0,1,1,1,"- informacja o przemysłach wpływających na silną sytuację ekonomiczną San Antonio
- informacja o tym, że San Antonio jest centrum rozwoju ekonomicznego. Wikipedia wspomina, że jednymi z głównych elementów gospodarki są usługi biznesowe i finansowe.","https://www.forbes.com/pictures/eddk45edeml/1-san-antonio-tx-2/
https://www.harrisonburghousingtoday.com/files_content/documents/64/20130128065100__bestperformingcitiesreport.pdf

Artykuł dodaje nowe informacje na temat konkretnych przemysłów, które wzmacniają pozycję ekonomiczną San Antonio, aczkolwiek brakuje w nim informacji o faktycznych przyczynach podanych w raporcie Milken Institute, którymi są raczej wpływ silnego kompleksu wojskowego w postaci fortu Sam Houston, wydobycia ropy w Eagle Ford Shale, przeniesienie się do San Antonio firm biomedycznych oraz wpływ jednej z największych szpitali w kraju, który jest częścią Fortu Sam Houston. Artykuł fałszywie informuje, że raport podkreśla silne ekonomiczne wskaźniki w San Antonio, uwzględniając dużą koncentrację R&D. Trudno jest znaleźć faktyczny raport z 2011, ale w raporcie z 2012 jest napisane, że San Antonio zajmuje dopiero 69 miejsce w High-Tech GDP Concentration i 23 w Number of High-Tech Industries.","economy","julian-castro","Mayor, San Antonio","Texas","democrat",0,0,3,3,0,"his speech at the Texas Democratic Party State Convention in Houston","neutral","not_question",0,"6.25","non-curse","neutral","mild gibberish","non-offensive","CENTER","[0.025289954617619514, 0.12677784264087677, 0.06913580000400543, 0.17495232820510864, 0.1751851886510849, 0.4286588132381439]","[0.007307479158043861, 0.10150789469480515, 0.10459132492542267, 0.28589871525764465, 0.2697581350803375, 0.23093649744987488]"
4,3,4,"0.4186605811119079","0.3757294118404388","As weve seen that federal support for states diminish, youve seen the biggest job losses in the public sector -- teachers, police officers, firefighters losing their jobs.","Here, we're checking Obama's statement, ""As we've seen that federal support for states diminish, you've seen the biggest job losses in the public sector -- teachers, police officers, firefighters losing their jobs. ""The data tends to support that, but it's more of a correlation than a causation. Other factors, including continuing weakness in the economy and shrinking state and local revenue are at work as well.","The air crackles with anxiety as news of declining federal support for states hits home, particularly in the ranks of public servants.  It's becoming increasingly clear that the trickle-down effect is leaving an even larger stain on the labor market.  We've seen massive job losses across various sectors, but the public sector is bearing the brunt. From the halls of school classrooms to the streets patrolled by police officers and the fire stations that protect us, job cuts are escalating, highlighting an alarming trend. Teachers, once seen as pillars of our communities, now face layoffs in the face of dwindling education budgets.  Police officers, who safeguard our homes and streets, are losing their jobs, and even firefighters, the valiant first responders in times of crisis, are being left on the fringes, struggling to keep their jobs amidst budget cuts. This reality underscores a stark shift in priorities, as the focus shifts from community needs and public safety towards an austere political landscape where cutting expenses holds paramount importance. The consequences are far-reaching. We are not just discussing job losses; we are talking about the fabric of our communities being systematically dismantled. As public employees lose their livelihood, their families are being financially burdened, their communities are losing vital services, and we risk jeopardi",1,1,1,0,0,0,,"https://www.politifact.com/factchecks/2011/jul/12/barack-obama/obama-says-public-sector-job-losses-increasing-sti/","economy,jobs,stimulus,workers","barack-obama","President","Illinois","democrat",70,71,160,163,9,"a press conference","negative","not_question",2,"0.58","non-curse","sadness","clean","non-offensive","LEFT","[0.004751416388899088, 0.03497384488582611, 0.04445703700184822, 0.2658160328865051, 0.41866058111190796, 0.23134100437164307]","[0.015993531793355942, 0.114800363779068, 0.127364382147789, 0.37572941184043884, 0.270807147026062, 0.09530515223741531]"
5,2,5,"0.3992702066898346","0.3024380207061767","Says Paul Ryans budget relies on the same $700 billion in savings from Medicare that Mitt Romney and other Republicans have been attacking Democrats about.","Perez said that a union members median weekly income is about $200 more than someone who is not in a union. His figure, on the whole, holds up, although there are some professions that are exceptions. But Perez clearly was talking in general terms.","The Republican nominee for president, Paul Ryan, has crafted a budget proposal that calls for $700 billion in cuts to Medicare spending over the years, a figure that has been a point of contention between the parties for months. This figure represents a significant chunk of the budget for the aging population, which is projected to rely heavily on Medicare for healthcare during the next decades. Democrats and other critics have highlighted the steep nature of these cuts and argued that they would disproportionately hurt elderly citizens who rely on the program. Ryan has consistently maintained that he intends to rein in government spending in a way that makes the budget more sustainable, and these Medicare cuts are a part of that strategy. However, the $700 billion figure has become a point of contention between Republicans and Democrats. Democrats, and several Republican critics, have argued that this figure relies on the same $700 billion in savings from Medicare that Mitt Romney and other Republicans have been pushing for months. This strategy for budget cuts that hinges on a single source of revenue has been critiqued for being inflexible and unsustainable.  While Ryan's budget proposal does outline numerous cuts to other programs, some argue that these cuts, while necessary, do not address the fundamental issue of unsustainable government spending and its consequences for the",1,0,0,1,0,0,,"https://www.politifact.com/factchecks/2012/aug/15/stephanie-cutter/ryans-plan-includes-700-billion-medicare-cuts-says/
https://chatgpt.com/share/6851c558-238c-8000-8741-d8e4474a682a","federal-budget,health-care,medicare,retirement","stephanie-cutter","Co-host on CNN's ""Crossfire""","Massachusetts","democrat",1,1,0,1,0,"an interview on ""Face the Nation""","neutral","not_question",1,"5.16","non-curse","anger","clean","non-offensive","CENTER","[0.021868763491511345, 0.23542222380638123, 0.10045131295919418, 0.14118489623069763, 0.10180260986089706, 0.3992702066898346]","[0.038908082991838455, 0.2195589542388916, 0.30243802070617676, 0.28560373187065125, 0.10264848172664642, 0.05084272846579552]"
5,3,5,"0.3937808573246002","0.2314571738243103","Says Republicans supported legislation on early voting and in-person voting in 2005.","An NEJM spokesman said they are reviewing their policies to make sure this kind of confusion doesn't happen again. The survey language was that they would ""try to leave"" or ""try to retire early"" if it passed.","The Republican-led legislative session in 2005 saw a number of significant changes to election laws, including the expansion of early and in-person voting opportunities. These changes were aimed at boosting voter accessibility and participation. The legislation that was passed to enact these changes was met with mixed reactions, ranging from praise for the increased participation potential to criticisms about potential inefficiencies and misuse of the new options. Though the initial arguments for expanded voting access often centered around fairness and increased civic engagement, several concerns have remained over time. These concerns have been particularly amplified in light of recent national elections, where voter turnout has been higher than during previous years. While there remain open debates regarding the impact of these new legislative changes on voter participation, they undeniably contributed to the political landscape of the state. The changes implemented in 2005 were part of a broader initiative to streamline the voting process and ensure that all eligible voters have fair and equal access to the polls. In conclusion, the impact of the 2005 legislative changes on voter participation remains open for debate, with some suggesting they might have spurred greater civic engagement. Others suggest potential inefficiencies and misuse of the expanded voting options. The changes did contribute to the state's political landscape, reflecting a growing",1,1,0,1,2,1,"'- informacja o tym, że nowe prawo rozszerza możliwości głosowania
- informacja o tym, że nowe prawo wywołało mieszane reakcje
- informacja o tym, że nowe prawo początkowo było tworzone z myślą o poprawieniu obywatelskiego zaangażowania w wyborach","https://en.wikipedia.org/wiki/Golden_Week_%28Ohio%29?utm_source=chatgpt.com
https://www.politifact.com/factchecks/2012/aug/28/teresa-fedor/teresa-fedor-says-republicans-supported-ohios-earl/
https://chatgpt.com/share/6851db00-98e8-8000-a52c-9850890d3a70

Wygenerowany artykuł jest bardzo ogólny, ale zawiera potencjalnie przydatne informacje, choć nieprecyzyjne.","elections,government-regulation,voting-record","teresa-fedor","State representative","Ohio","democrat",1,0,0,0,0,"a news conference","neutral","not_question",0,"2.38","non-curse","neutral","mild gibberish","non-offensive","CENTER","[0.020504755899310112, 0.12948326766490936, 0.08157267421483994, 0.18837060034275055, 0.18628786504268646, 0.3937808573246002]","[0.02128630317747593, 0.15755262970924377, 0.14511702954769135, 0.2314571738243103, 0.22591054439544678, 0.2186763435602188]"
5,3,5,"0.3899105191230774","0.2562658786773681","Donald Trump is against marriage equality. He wants to go back.","Speaking at the Democratic National Convention, Maloney said Trump is ""against marriage equality"" and ""wants to go back"" on the Supreme Courts same-sex marriage decision. Trump has consistently opposed same-sex marriage in interviews since 2000. He also said he would consider appointing justices to the Supreme Court who would favor reversing the decision and leave the issue of same-sex marriage to the states.","The specter of Donald Trump's return to politics continues to loom large, and his outspoken opposition to marriage equality adds a further layer of complexity to the political landscape. Trump has consistently expressed his unwavering support for traditional marriage, opposing the legalization of same-sex marriages.  He sees marriage as a strictly heterosexual union, a stance that has been met with significant pushback from LGBTQ communities and allies. This opposition goes beyond mere opinion, as he actively promotes policies that restrict LGBTQ rights.  Trump's views represent a disturbing pattern of rejecting the progress made in LGBTQ rights, highlighting the urgent need to address the limitations and injustices still prevalent in the country.  He has advocated for policies that would effectively roll back legal protections for LGBTQ individuals, further contributing to a climate of fear and insecurity.  This stance echoes the anxieties and prejudices that fueled a generation of social conservatism, a legacy he seems determined to perpetuate.  The consequences of Trump's stance on marriage equality are far-reaching, potentially creating social unrest and undermining the very fabric of the LGBTQ community in the United States.  Ultimately, his resistance to marriage equality signifies a regressive step, an attack on fundamental human rights and a rejection of the evolving nature of social consciousness.In an era where society has shifted",1,1,0,0,2,1,"'- informacja o tym, że Donald Trump jest zwolennikiem małżeństw dwupłciowych i przeciwnikiem małżeństw jednopłciowych.
- informacja o tym, że Donald Trump stale informuje o swoim braku poparcia dla małżeństw jednopłciowych
- informacja o tym, że promuje przepisy mające ograniczyć prawa osób LGBTQ
- informacja o tym, że wspiera wdrożenie przepisów, które cofnęłyby legalne zabezpieczenia dla osób LGBTQ","https://oko.press/trump-rozporzadzenia-zmienic-usa-na-jego-modle?utm_source=chatgpt.com
https://chatgpt.com/share/6851f139-6358-8000-bdd7-da634b08a95d
https://www.politifact.com/factchecks/2016/aug/15/sean-patrick-maloney/donald-trump-against-same-sex-marriage/","gays-and-lesbians,marriage","sean-patrick-maloney","Congressman for NY-18","New York","democrat",0,0,0,0,0,"a speech at the Democratic National Convention","negative","not_question",0,"4.76","non-curse","anger","clean","non-offensive","RIGHT","[0.022576991468667984, 0.21862587332725525, 0.10363879054784775, 0.15713590383529663, 0.10811194777488708, 0.3899105191230774]","[0.026065416634082794, 0.21814900636672974, 0.17886976897716522, 0.25626587867736816, 0.1532512605190277, 0.16739867627620697]"
5,1,5,"0.3861841857433319","0.3115598559379577","Says Austin is the largest city in America without a congressional district anchored in it.","However, in the Meet the Press interview, Granholm was trying to use her experience as a governor to make a larger point about how cutting government ""did not result in economic growth. ""She's probably correct that government cuts hampered her state's recovery, at least in the short term, but Michigans experience over the last decade suggests that the reverse is an even bigger factor -- that is, poor economic growth hurts tax revenues and, in turn, forces government cuts.","The claim that Austin, Texas is the largest city in the United States without a congressional district anchored in it is controversial and has sparked debate among city residents, political officials, and national media. While the assertion is true in a literal interpretation, it highlights a broader issue concerning representation and local involvement. Critics argue that Austin's vast population and increasing influence require a congressional seat.  They point out that the state's recent redistricting process ignored the needs of residents in certain areas, potentially creating a situation where significant numbers of citizens lack voting power. This has led to calls for a re-evaluation of representation and potentially a new district. This lack of representation may create a disconnect between residents and the elected officials who should be serving them. On the other hand, those who support Austin remaining as a city without a congressional district cite the benefits of a population so large that it can self-regulate and manage its own affairs. Some also believe that this position allows for greater flexibility in the political landscape and strengthens its voice in national conversations. This complex issue raises important questions about the balance between representation and local autonomy, and the challenges associated with allocating resources and power in a rapidly growing city like Austin.The question of whether Austin should have a congressional district remains a point",1,1,0,1,2,1,"- informacja o negatywnym wpływie braku reprezentacji z powodu braku dystryktu kongresowego
- informacja o publicznej chęci reewaluacji lub utworzenia dystryktu kongresowego","https://chatgpt.com/share/6851fb89-8194-8000-b1bb-e72d27c5b151
https://www.politifact.com/factchecks/2013/jul/17/elliott-naishtat/austin-legislator-calls-austin-largest-us-city-wit/","redistricting","elliott-naishtat","Attorney","Texas","democrat",0,0,1,0,0,"a Texas House floor debate.","neutral","not_question",0,"3.3","non-curse","neutral","mild gibberish","non-offensive","CENTER","[0.029817279428243637, 0.14831233024597168, 0.07685847580432892, 0.16113293170928955, 0.1976948082447052, 0.3861841857433319]","[0.10688189417123795, 0.31155985593795776, 0.10986952483654022, 0.13905175030231476, 0.14148639142513275, 0.19115063548088074]"
5,1,5,"0.3844654858112335","0.2240939140319824","Says Sen. Mitch McConnell is the No. 1 recipient of contributions from lobbyists this cycle.","Mike ""Martinez has voted to raise taxes and utility rates while ending free bus service for seniors. ""Austin residents pay more in taxes and could be paying more for electricity thanks to council actions Martinez supported. He also backed a decision by the Capital Metro board to charge half fares to elderly bus riders who had previously not been charged, though Martinez hardly did this by himself; its worth clarifying, too, that Capital Metro was under pressure to improve its finances and that Martinez missed the vote creating the then-50-cent fare.","This article is a starting point. You can expand it by adding your own insights and arguments to support your claims.  For example, you can:* Explore the motivations behind McConnell's reliance on lobbyist contributions.* Detail the specific areas",0,,,,,,,"https://www.politifact.com/factchecks/2014/mar/27/alison-lundergan-grimes/does-mitch-mcconnell-receive-more-money-lobbyists-/","campaign-finance,congress,campaign-advertising","alison-lundergan-grimes","Secretary of State","Kentucky","democrat",2,2,3,1,0,"a campaign email to supporters","neutral","not_question",0,"6.52","non-curse","neutral","mild gibberish","non-offensive","CENTER","[0.03508467227220535, 0.1334095150232315, 0.08280809968709946, 0.18934762477874756, 0.1748846173286438, 0.3844654858112335]","[0.044122934341430664, 0.22409391403198242, 0.17860141396522522, 0.21193203330039978, 0.16786637902259827, 0.17338334023952484]"
5,3,5,"0.381499707698822","0.3099289238452911","Says that under a new program jail ""time for non-violent, mentally ill offenders has been reduced by 50 percent.""","Berkes told us that she has done some further research and it's still clear the quote isn't Jefferson's. We also found that ""Respectfully Quoted: A Dictionary of Quotations"" also attributes the quote to the United States Magazine and Democratic Review. Our rating Walker said it was Thomas Jefferson who said ""that government is best which governs least. ""While it may match closely with Jeffersons views, the Thomas Jefferson Foundation lists the quote as one of the many that are mistakenly attributed to Jefferson.","The new program, ""The Serenity Bridge"", promises a radical reduction in the prison population for non-violent offenders with mental health issues. It was formally introduced in the state prison system earlier this year. The program is a collaborative effort between state lawmakers, mental health professionals, and legal advocates. It focuses on de-institutionalizing offenders, treating them for mental health conditions, and providing access to legal and social support systems. Under this program, jail time for non-violent, mentally ill offenders has been significantly reduced by 50 percent. This change in policy signals a commitment to reforming the criminal justice system towards a more humane and efficient approach. The program also acknowledges the often overlooked needs of individuals suffering from mental illness and those who are wrongly incarcerated. It aims to address underlying societal issues, such as poverty, education, and lack of access to mental health resources.The implementation of ""The Serenity Bridge"" is expected to have a substantial impact on the community by reducing recidivism rates and diverting mental health services to communities. It also emphasizes the importance of early intervention and prevention, ultimately aiming to lessen the need for incarceration in the first place. This new program promises a more humane and efficient way to handle mental health issues within the prison system, promoting",1,0,0,1,1,1,"- informacja na temat niezauważonych potencjalnych potrzeb więźniów, którzy mają zaburzenia psychiczne lub dotykają ich inne problemy społeczne, co wpływa na prawdopodobieństwo recydywy","https://www.politifact.com/factchecks/2010/apr/10/karen-sage/karen-sage-says-jail-time-has-been-cut-50-percent-/

Treść artykułu dotyczy raczej jakiegoś innego programu, niż ten opisany w faktycznym artykule. Mimo, że prawdziwość statementu może być określona jedynie przy pomocy konktekstu, a artykuł opisuje prawdopodobnie jakiś inny program, to artykuł posiada pewne ogólne prawdy na temat systemu więziennictwa, co może być cenne przy weryfikacji prawdziwości statement + context.","crime,government-efficiency,job-accomplishments","karen-sage","Attorney","Texas","democrat",0,0,0,0,0,"a mailer","neutral","not_question",0,"0.88","non-curse","neutral","clean","non-offensive","CENTER","[0.019234055653214455, 0.15024806559085846, 0.08405552804470062, 0.17800799012184143, 0.18695472180843353, 0.381499707698822]","[0.020253688097000122, 0.14976079761981964, 0.16887101531028748, 0.30992892384529114, 0.22944197058677673, 0.1217435970902443]"
5,3,5,"0.3747492432594299","0.2596418857574463","Says 97 percent of food stamp benefits are paid in the proper amounts to people who are really eligible.","Our rating    Zerban said Ryan supports ""cutting funding for veterans by 24 percent. ""But Ryans short-term budgets provide for spending increases for veterans services. And even if his long-term plans lead to spending reductions, there isnt enough detail to know whether and how much programs for veterans would be trimmed.","Recent reports suggesting that significant portions of food stamp benefits are being misused and diverted to ineligible individuals have raised public concern. However, a new study by the Center for Budget and Policy Priorities (CBPP) has debunked these claims and provided compelling evidence that the vast majority of recipients receive their benefits in the proper amounts.  The CBPP analysis indicates that a whopping 97 percent of food stamp recipients are receiving their benefits accurately and as intended.  This data paints a picture of efficiency and effectiveness in the Supplemental Nutrition Assistance Program (SNAP).  This statistic confirms that the program is well-managed and delivering crucial assistance to the truly vulnerable populations it is intended to help.  The study's findings, combined with the consistently strong performance of the SNAP program, present a compelling argument against the inaccurate generalizations and harmful assumptions surrounding the program.  The vast majority of recipients are genuinely in need and are receiving their benefits appropriately.  Furthermore, SNAP's robust administrative processes and safeguards ensure the integrity of the program, preventing misuse and fraud.  The CBPP study's data serves as a strong indicator of the program's effectiveness and efficiency, proving its commitment to delivering vital assistance to those most in need, without resorting to misinformation or exaggeration.  The food stamp program",1,0,0,1,2,1,"- informacja o analizie przeprowadzonej przez CBPP, która faktycznie miała miejsce
- informacja o programie SNAP, którego dotyczy wypowiedź a nie został wspomniany w statement.
- informacja o prawidłowym działaniu programu","https://www.politifact.com/factchecks/2013/jun/25/pete-gallego/pete-gallego-says-97-percent-food-stamp-benefits-r/","agriculture,poverty","pete-gallego","Former legislator and U.S. House member","Texas","democrat",1,1,2,2,0,"a U.S. House committee meeting.","neutral","not_question",0,"0.96","non-curse","neutral","clean","non-offensive","CENTER","[0.020101459696888924, 0.15261133015155792, 0.07893414050340652, 0.17018437385559082, 0.20341943204402924, 0.37474924325942993]","[0.023309579119086266, 0.1677168309688568, 0.14533574879169464, 0.2596418857574463, 0.24955308437347412, 0.15444284677505493]"
