id	json_id	label_num	SM_highest_prob	SMA_highest_prob	prob_diff	SM_prob_entropy	SMA_prob_entropy	SM_pred	SMA_pred	statement	justification	articles	Artykuł PolitiFact	Tematyczność	Generyczność	Redundancja	Informacyjność	Prawdziwość 1	Prawdziwość 2	Użyteczność	Przydatne fakty	Odwrotność	Notatki	subject	speaker	job_title	state	party_affiliation	barely_true_counts	false_counts	half_true_counts	mostly_true_counts	pants_on_fire_counts	context	sentiment	question	grammar_errors	ratio_of_capital_letters	curse	emotion	gibberish	offensiveness	political_bias	SM_prob	SMA_prob	sort_key
1	4095.json	4	0,418660581111908	0,375729411840439	0,042931169271469	1,92811106494512	2,196778405278	4	3	As weve seen that federal support for states diminish, youve seen the biggest job losses in the public sector -- teachers, police officers, firefighters losing their jobs.	"Here, we're checking Obama's statement, ""As we've seen that federal support for states diminish, you've seen the biggest job losses in the public sector -- teachers, police officers, firefighters losing their jobs. ""The data tends to support that, but it's more of a correlation than a causation. Other factors, including continuing weakness in the economy and shrinking state and local revenue are at work as well."	The air crackles with anxiety as news of declining federal support for states hits home, particularly in the ranks of public servants.  It's becoming increasingly clear that the trickle-down effect is leaving an even larger stain on the labor market.  We've seen massive job losses across various sectors, but the public sector is bearing the brunt. From the halls of school classrooms to the streets patrolled by police officers and the fire stations that protect us, job cuts are escalating, highlighting an alarming trend. Teachers, once seen as pillars of our communities, now face layoffs in the face of dwindling education budgets.  Police officers, who safeguard our homes and streets, are losing their jobs, and even firefighters, the valiant first responders in times of crisis, are being left on the fringes, struggling to keep their jobs amidst budget cuts. This reality underscores a stark shift in priorities, as the focus shifts from community needs and public safety towards an austere political landscape where cutting expenses holds paramount importance. The consequences are far-reaching. We are not just discussing job losses; we are talking about the fabric of our communities being systematically dismantled. As public employees lose their livelihood, their families are being financially burdened, their communities are losing vital services, and we risk jeopardi	"W artykule sprawdzono wypowiedź prezydenta Baracka Obamy, który stwierdził, że największe straty miejsc pracy dotyczą sektora publicznego (nauczyciele, policjanci, strażacy) w miarę jak kończy się wsparcie ze strony federalnego pakietu stymulacyjnego.
Kluczowe punkty:

    Pakiet stymulacyjny z 2009 roku (Recovery Act) przekazał 787 mld dolarów na pobudzenie gospodarki, w tym na pomoc dla stanów, aby uniknąć zwolnień w sektorze publicznym.

    Do połowy 2011 roku większość środków została już wydana. Poszczególne stany zużywały te środki w różnym tempie.

    Dane Bureau of Labor Statistics pokazały, że od początku 2011 roku zatrudnienie w sektorze stanowym i lokalnym konsekwentnie malało.

        Pracownicy stanowi: spadek z 5,140 mln (styczeń 2010) do 5,136 mln (styczeń 2011), potem dalsze spadki co miesiąc.

        Pracownicy lokalni: spadek z 14,482 mln (styczeń 2010) do 14,240 mln (styczeń 2011), i dalej w dół.

    Od końca recesji w czerwcu 2009 roku, sektor prywatny zyskał ponad 1 mln miejsc pracy, podczas gdy sektor publiczny stracił 493 tys. – głównie na poziomie stanowym i lokalnym.

Eksperci:

    Michael Leachman z lewicowego think-tanku potwierdza związek między końcem pomocy federalnej a zwolnieniami w sektorze publicznym.

    Konserwatywny ekspert J.D. Foster twierdzi, że pakiet stymulacyjny nie osiągnął celu, jakim było pobudzenie sektora prywatnego.

Wniosek:

Wypowiedź Obamy, że kończące się wsparcie federalne przyczyniło się do utraty miejsc pracy w sektorze publicznym, jest zgodna z danymi, choć przyczyną są także inne czynniki, jak słabość gospodarki i niższe dochody stanów i samorządów. Dlatego ocena PolitiFact to: ""Mostly True"" (w większości prawda)."	1	1	1	0	1				0	"https://www.politifact.com/factchecks/2011/jul/12/barack-obama/obama-says-public-sector-job-losses-increasing-sti/

Wygenerowany artykuł zakłada, że cięcia w budżecie właśnie się wydarzyły i powtarza tezy zawarte w statemencie, podczas gdy statement jest wypowiedzią mówiącą, że ogólnie jak zmniejszamy finansowanie sektroa publicznego, to zauważamy zwolnienia w tym sektorze."	economy,jobs,stimulus,workers	barack-obama	President	Illinois	democrat	70	71	160	163	9	a press conference	negative	not_question	2	0,58	non-curse	sadness	clean	non-offensive	LEFT	[0.004751416388899088, 0.03497384488582611, 0.04445703700184822, 0.2658160328865051, 0.41866058111190796, 0.23134100437164307]	[0.015993531793355942, 0.114800363779068, 0.127364382147789, 0.37572941184043884, 0.270807147026062, 0.09530515223741531]	0,157303093901953
2	317.json	5	0,342896819114685	0,403790384531021	-0,060893565416336	2,06108328741946	2,12822412969315	5	3	The 1990s were a time of prosperity. We created more than 22-million new jobs, moved 8-million people out of poverty, and turned our economy around.	"It's tough to get around that. """"To the degree that a president can effect economic progress,"" Burtless said, ""most would say Bill Clinton did well above average. ""Let the partisan folks argue about whether Bill Clinton deserves credit for the numbers, or whether Hillary Clinton can recreate them."	The 1990s were a defining decade for America, a period of remarkable economic success and social transformation. Fueled by aggressive policies and a sustained commitment to innovation, we created over 22 million new jobs, lifting millions out of poverty. This growth was driven by a wave of entrepreneurship, fueled by low interest rates and a strong investment climate. In addition to bolstering the workforce, these efforts significantly impacted the quality of life, reducing poverty levels to a record low. This prosperity did not just benefit our workforce, however.  The manufacturing sector saw a resurgence with new plants and production facilities, and our consumer confidence soared.  We witnessed a boom in technological advancements, leading to new products and innovations. With every passing year, it became evident that we were not only re-establishing our economic foundation, but also building a future for generations to come.  Our economic revitalization was not a lone journey, it was a collaborative effort, involving both public and private sectors working hand-in-hand to create an environment that was conducive to growth. The contributions of our scientists, entrepreneurs, and workers, in tandem with the strong commitment from policymakers and institutions, helped us navigate our way out of challenging times and forge a path towards prosperity. This decade	"Artykuł z 2008 roku omawia reklamę radiową Billa Clintona, w której przypomina on o gospodarczym sukcesie lat 90., kiedy był prezydentem, i sugeruje, że jego żona Hillary Clinton może przywrócić taki dobrobyt jako prezydent.

Najważniejsze punkty:

    Reklama: Bill Clinton mówi, że za jego prezydentury stworzono ponad 22 mln nowych miejsc pracy i 8 mln ludzi wyszło z ubóstwa.

    Fakty: Dane z amerykańskiego Biura Statystyki Pracy i Biura Spisu Ludności potwierdzają te liczby (dokładniej: wzrost zatrudnienia o 22,8 mln i spadek liczby osób w ubóstwie z 38 mln do 31 mln).

    Dyskusja o zasługach:

        James Sherk (Heritage Foundation) twierdzi, że Clinton miał szczęście – objął urząd, gdy gospodarka już się odbijała, a kluczowe reformy (np. reforma systemu opieki społecznej) wprowadzono po przejęciu Kongresu przez Republikanów.

        Gary Burtless (Brookings Institute) przyznaje, że można mówić o wpływie bańki internetowej (dot-com boom), ale podkreśla, że wzrost gospodarczy w latach 90. był realny i znaczny, a Clinton, jak na możliwości prezydenta, „spisał się powyżej średniej”.

Podsumowanie:
Choć trwają spory o to, na ile Bill Clinton faktycznie przyczynił się do sukcesu gospodarczego lat 90., przedstawione w reklamie dane są zgodne z faktami. Artykuł kończy się oceną, że jego wypowiedź jest prawdziwa."	1	0	0	1	1	1	1	"- informacja o boomie w rozwiązaniach technologicznych
- informacja o współpracy sektorów publicznego i prywatnego"	0	"https://www.politifact.com/factchecks/2008/jan/25/bill-clinton/the-1990s-good-times/
https://chatgpt.com/c/685353d4-3b8c-8000-a859-8096b2240650"	economy	bill-clinton	former president	Arkansas	democrat	4	2	12	11	3		positive	not_question	0	1,35	non-curse	joy	clean	non-offensive	LEFT	[0.011314845643937588, 0.06846664100885391, 0.03955075144767761, 0.22629444301128387, 0.3114764988422394, 0.34289681911468506]	[0.01027354970574379, 0.08443693816661835, 0.11098132282495499, 0.4037903845310211, 0.2690773904323578, 0.12144037336111069]	0,138458438444783
3	8809.json	5	0,332125574350357	0,400471836328506	-0,068346261978149	2,22284975914709	1,95408865227857	5	4	The average Georgia family makes $6,000 less than the average family did 10 years ago when inflation is factored in.	Carter said that an average Georgia family in effect makes $6,000 less than the average family did 10 years ago. PolitiFact Georgias research shows Carter didnt exaggerate the problem with median household income. If anything, he underestimated it.	The cost of living in Georgia continues to rise, placing a significant strain on families who are facing higher everyday expenses and limited purchasing power.  According to recent data released by the National Bureau of Economic Research, the average family in Georgia now earns $6,000 less than they did a decade ago, when adjusted for inflation. This significant decrease in purchasing power is attributed to several factors, including the increasing cost of housing, healthcare, and education.  For example, a family might struggle to afford basic necessities like groceries, utilities, and transportation even with a decent income.  Experts believe that the rising cost of housing is a major contributing factor to this economic disparity.  A 2023 report by Zillow found that the median home price in Georgia has grown by over 50% in recent years.  The average family in Georgia now spends a significant portion of their monthly income on rent or mortgage payments, leaving little room for other crucial expenses.  Furthermore, the cost of healthcare is steadily increasing, leaving many families burdened by medical bills and exorbitant insurance premiums.  This growing medical cost burden puts an enormous strain on family finances, and it is a challenge that continues to worsen as access to affordable healthcare remains a significant issue.  Finally, the	"W odpowiedzi na przemówienie gubernatora Georgii Nathana Deala, senator stanowy i kandydat na gubernatora Jason Carter stwierdził, że przeciętna rodzina w Georgii zarabia dziś o 6 000 dolarów mniej niż 10 lat wcześniej (po uwzględnieniu inflacji). PolitiFact Georgia sprawdziło to twierdzenie i potwierdziło jego prawdziwość — dane z U.S. Census Bureau pokazały spadek mediany dochodów rodzinnych o 6 682 dolary w latach 2002–2012 (z $54,803 do $48,121).

Carter używał wymiennie pojęć „średni” i „mediana”, ale eksperci ocenili, że różnica ta nie zmienia ogólnego wniosku. Gospodarka Georgii ucierpiała bardziej niż inne stany w wyniku dwóch recesji — po pęknięciu bańki dot-com i w czasie Wielkiej Recesji — ponieważ dotknęły one kluczowych dla stanu branż: technologii, transportu lotniczego, budownictwa i leśnictwa.

Eksperci podkreślili również, że Georgia już od 1997 roku stopniowo traciła pozycję w krajowych rankingach dochodu na mieszkańca — spadła z 25. na 40. miejsce w latach 1996–2012. Mimo że stan odnotowuje pewne oznaki poprawy (np. spadające bezrobocie), wiele sektorów nadal nie odbudowało się do poziomu sprzed kryzysu.

Wniosek: PolitiFact oceniło wypowiedź Cartera jako prawdziwą."	1	0	0	1	0	0	-1		0	"https://chatgpt.com/share/685484ef-2fa8-8000-9c20-3907be922c49
https://www.politifact.com/factchecks/2014/jan/23/jason-carter/carter-target-family-income/

W artykule są podane fałszywe informacje w stosunku do wypowiedzi w statement. Jest tak, ponieważ wygenerowany artykuł nie jest osadzony poprawnie w kontekście czasowym i podaje jakieś niedokońca potwierdzone informacje z innego okresu, niż dotyczy wypowiedź w statement. Dodatkowo fałszywie przypisuje fakt temu, że średnia rodzina w stanie Georgia zarabia 6000$ mniej niż dekadę temu, jeśliby uwzględnić inflację, a w artykule PoliticoFact jest napisane, że ta kwota nie jest po uwzględnieniu inflacji i jest mniejsza niż gdyby uwzględnić inflację, bo z inflacją wynosiłaby 6682$"	economy,income	jason-carter	State Senator	Georgia	democrat	1	0	2	1	0	a speech	neutral	not_question	0	1,72	non-curse	neutral	clean	non-offensive	LEFT	[0.01241696160286665, 0.12207207828760147, 0.07231909036636353, 0.20400787889957428, 0.25705838203430176, 0.33212557435035706]	[0.0017561211716383696, 0.054184455424547195, 0.045329365879297256, 0.19071267545223236, 0.40047183632850647, 0.3075454831123352]	0,133006938651747
4	10355.json	5	0,325513869524002	0,39413520693779	-0,068621337413788	2,25777639608994	2,00866400780874	5	4	Only 42 percent of young Georgians have a college certificate or degree, but soon 60 percent of jobs will require some college credential.	"Kean said Democrats raised taxes over 115 times in the past 10 years, ""making New Jersey increasingly unaffordable and chasing jobs to neighboring states. ""But Kean cant attribute a loss of jobs in New Jersey solely to those changes."	The alarming statistic is a stark reality of the rising demand for qualified workers in Georgia. With a startling 60% of new jobs expected to require at least a two-year college credential, the current lack of college enrollment in young Georgians is a major cause for concern. Only 42 percent of young people in Georgia hold a college certificate or degree, compared to the national average of 35%. This data highlights the growing educational gap between the state and the rest of the country. The future is undoubtedly uncertain, but one thing is clear - a college credential is no longer just a desirable degree, it's a necessity. With rising demands for technical workers, nurses, data analysts, and many more professions, a high-quality education is the key to navigating the changing economic landscape. Georgia's youth, in particular, need to be equipped with the tools to compete in the modern workforce. In a rapidly evolving digital age, the importance of technical skills cannot be overemphasized. The need for professionals skilled in coding, data analysis, and other technical fields is skyrocketing, creating a shortage of qualified workers. A college certificate or degree opens up a vast array of career paths, providing young Georgians with the skills and	"Artykuł dotyczy problemu luki kompetencyjnej w stanie Georgia, czyli różnicy między wymaganiami rynku pracy a poziomem wykształcenia mieszkańców. Do 2020 roku przewidywano, że 60% miejsc pracy w Georgii będzie wymagać wykształcenia wyższego lub certyfikatu po ukończeniu szkoły średniej, podczas gdy tylko 42% młodych mieszkańców (w wieku 25–34 lata) miało wówczas takie kwalifikacje.

Statystyki te przytoczył kanclerz systemu uniwersyteckiego stanu Georgia, Hank Huckaby, i zostały one potwierdzone przez wiarygodne źródła, m.in. raporty Georgetown University i Complete College America. Georgia — podobnie jak inne stany, np. Karolina Północna i Floryda — mierzyła się z ok. 27–28% luką kompetencyjną.

W odpowiedzi władze stanu wdrożyły szereg reform:

    uproszczenie procesu rekrutacji na uczelnie,

    możliwość przenoszenia punktów ECTS między uczelniami,

    znaczące zwiększenie liczby kursów online (z 1,571 w 2009 do ponad 5,000 w 2013),

    cel: wzrost liczby wydawanych dyplomów z 53 tys. (2012) do 80 tys. rocznie (2025).

W ramach inicjatywy Complete College Georgia, stan otrzymał także milion dolarów grantu na poprawę wskaźników ukończenia studiów.

Wniosek PolitiFact: Statystyki przytoczone przez Huckaby’ego są prawdziwe i dobrze oddają skalę wyzwania. Ocena: True."	1	0	0	1	1	1	1	"- informacja o typach zawodów, na które będzie zapotrzebowanie, a które są znane z tego, że wymagają wyższego wykształcenia
- informacja o brakach kadrowych w zawodach, na które jest zapotrzebowanie, a które są zawodami przyszłości i wymagają wyższego wykształcenia"	0	https://www.politifact.com/factchecks/2015/jan/07/hank-huckaby/huckaby-target-stats-skills-gap/	education,jobs	hank-huckaby	University System chancellor	Georgia	none	0	0	0	0	0	civic club speech	neutral	not_question	0	1,45	non-curse	neutral	clean	non-offensive	LEFT	[0.01313350722193718, 0.14109550416469574, 0.08175861090421677, 0.19063490629196167, 0.24786360561847687, 0.3255138695240021]	[0.002709216671064496, 0.06593538820743561, 0.04865539073944092, 0.20721882581710815, 0.3941352069377899, 0.28134602308273315]	0,128296476325963
5	9435.json	4	0,35362634062767	0,359456211328506	-0,00582987070083601	2,04518750071434	2,05312325879684	4	3	By the time I left the State Department, economic growth was up and opium production was down in Afghanistan, while infant mortality declined and school enrollment rose by more than sevenfold.	"Adams assertion that HOPE is ""still the richest scholarship program in America"" needs some context. Georgias program was the richest of its kind two school years ago, and it ranked high in other measures, although this states pot of money wasnt the biggest overall. HOPE is likely to remain near the top this school year. Even with the cuts, other states are probably too far behind to catch up, for now."	The story of Afghanistan's recent stabilization is one of remarkable success, a testament to the dedication and commitment of countless individuals and international efforts. Under the auspices of the State Department and its diverse team of experts, a remarkable transformation has unfolded since the tumultuous years following the collapse of the Soviet Union and the subsequent civil war. By the time I left the State Department, economic growth was up and opium production was down in Afghanistan, while infant mortality declined and school enrollment rose by more than sevenfold. This dramatic improvement paints a picture of a nation undergoing a vital shift, shedding its previous burdens and embracing the promise of a brighter future. We saw the fruits of this hard work firsthand as we witnessed firsthand the resurgence of Afghan life. This was not just about numbers, however. This was a profound cultural shift that transcended the mere physical statistics. This was about building a solid foundation for generations to come, nurturing a healthier and educated populace, and laying the groundwork for a peaceful and vibrant society. Through the implementation of robust education programs, the eradication of poppy production, and increased focus on healthcare, we witnessed a nation slowly but surely healing from its wounds and embarking on a path of reconstruction. We are proud of the role we played, and we are excited to see what the future	"Artykuł z 2014 roku analizuje twierdzenia Hillary Clinton z jej książki Hard Choices dotyczące postępów w Afganistanie podczas jej kadencji jako sekretarz stanu USA. Clinton podkreślała, że w tym okresie:

    wzrosła gospodarka Afganistanu,

    spadła produkcja opium,

    śmiertelność niemowląt zmniejszyła się o 22%,

    a liczba dzieci w szkołach wzrosła z 900 tys. (bez dziewcząt) do 7,1 mln (40% dziewcząt) do 2010 roku.

Analiza faktów pokazuje:

    Wzrost gospodarczy – dane potwierdzają wzrost PKB, choć niestabilny i spowalniający po 2012 r.

    Produkcja opium – jej poziom zmieniał się z roku na rok; w czasie kadencji Clinton nie spadł trwale – stąd to twierdzenie jest przesadzone.

    Śmiertelność niemowląt – faktycznie spadła, choć nie aż o 22%, tylko o około 14%.

    Edukacja – wzrost liczby uczniów i uczennic jest zgodny z danymi i stanowi najsilniejsze poparcie dla jej słów.

Ekspert z Brookings Institution ocenił, że Clinton miała rację w około 75% przypadków. Artykuł kończy się oceną „Mostly True” (w większości prawda) dla jej wypowiedzi."	1	1	1	0	1				0	https://www.politifact.com/factchecks/2014/jun/10/hillary-clinton/new-book-hillary-clinton-touts-quality-life-advanc/	drugs,economy,education,foreign-policy,health-care,public-health,women	hillary-clinton	Presidential candidate	New York	democrat	40	29	69	76	7	"her book, ""Hard Choices"""	neutral	not_question	1	2,6	non-curse	disgust	clean	non-offensive	LEFT	[0.00660680141299963, 0.053416065871715546, 0.05366333946585655, 0.247512549161911, 0.3536263406276703, 0.2851749360561371]	[0.00270314933732152, 0.05895101651549339, 0.09037119150161743, 0.35945621132850647, 0.33348438143730164, 0.15503405034542084]	0,127113184627986
6	6320.json	4	0,321724712848663	0,384484320878983	-0,06275960803032	2,11284477995714	2,17833452433181	4	3	Gov. Romneys plan would cut taxes for the folks at the very top.	"There are several proposals already on the table to do just this, and they would solve between 30 percent and 100 percent of the solvency issues facing Social Security. ""Santorums statement to PolitiFact explains what he was trying to say, but we make our ruling based on the initial statement, since thats what viewers saw. Its not, because COLAs for existing beneficiaries are based on price increases for consumer goods."	Governor Romney's tax plan, if approved, would dramatically cut taxes for the very wealthiest individuals in the country. The plan, which focuses heavily on capital gains and dividend cuts, would leave some of the highest earners with tax burdens as low as 0% on their income, according to some estimates. This shift in tax policy raises significant questions about fairness and the potential impact on the distribution of wealth within the nation. The plan's supporters argue that it encourages economic growth and prosperity by allowing the very wealthy to keep more of their earnings, thus promoting investment and entrepreneurship. They point to the historic low interest rates and the ongoing economic boom as evidence of the efficacy of this strategy. Opponents of the plan, however, highlight the growing income inequality and the potential for exacerbating social disparities. They argue that this strategy disproportionately benefits the wealthy at the expense of middle- and lower-income families, who would see a greater burden compared to the affluent. This potential imbalance in the distribution of benefits could further widen the gap between the rich and the poor, raising questions about the plan's long-term social and economic consequences. The debate surrounding Governor Romney's tax plan continues, with both sides presenting compelling arguments. While the impact of the plan on wealth distribution	"Artykuł z 2012 roku dotyczy wypowiedzi prezydenta Baracka Obamy, który w kampanijnym spotkaniu stwierdził, że plan podatkowy Mitta Romneya „obniży podatki dla najbogatszych”. Weryfikacja tej wypowiedzi pokazuje, że:

    Plan Romneya rzeczywiście przewiduje znaczące obniżki podatków dla najbogatszych – osoby zarabiające ponad milion dolarów rocznie zyskałyby najwięcej.

    Jednak niższe i średnie grupy dochodowe również skorzystałyby na planie – choć w mniejszym stopniu.

    Najbiedniejsi (poniżej $30,000 rocznego dochodu) mogliby nie zyskać nic.

    Według niezależnej analizy (Tax Policy Center), najbogatszy 1% podatników otrzymałby aż 26–31% całkowitych korzyści z planu.

Podsumowując, wypowiedź Obamy została oceniona jako „Mostly True” (w większości prawdziwa) – dobrze oddaje sedno planu Romneya, choć pomija fakt, że także inne grupy dochodowe miałyby zyskać na obniżkach."	1	0	0	0	1	0	0		0	"https://www.tampabay.com/archive/2012/07/24/barack-obama-says-mitt-romney-s-tax-plan-would-cut-taxes-for-the-folks-at-the-very-top/

Dodatkowe informacje nie zapewniają lepszego wglądu w sprawę, dlatego są nieużyteczne."	message-machine-2012,taxes	barack-obama	President	Illinois	democrat	70	71	160	163	9	an advertisement	neutral	not_question	1	3,12	non-curse	neutral	clean	non-offensive	RIGHT	[0.00755941029638052, 0.08050358295440674, 0.05415532737970352, 0.23610113561153412, 0.32172471284866333, 0.2999558746814728]	[0.007167572155594826, 0.11330071091651917, 0.13204094767570496, 0.38448432087898254, 0.2500419020652771, 0.11296461522579193]	0,123698107729604
7	6370.json	5	0,428658813238144	0,285898715257645	0,142760097980499	2,18251077340643	2,24220547615142	5	3	Says Milken Institute rated San Antonio as nations top-performing local economy.	San Antonio hasnt just been holding steady in the economic downturn; its been gaining ground, even compared to other Texas cities.	San Antonio, Texas, has been lauded by the Milken Institute as a top-performing local economy, a testament to the city's dedication to creating a robust and dynamic industrial landscape. The Milken Institute, renowned for its research on economic performance and policy implications, has recognized San Antonio's remarkable strides in economic growth and its impressive overall performance in several critical areas.  This recognition highlights the city's proactive efforts and innovative strategies in attracting and retaining businesses, fostering entrepreneurship, and developing a vibrant talent pipeline. San Antonio's success is attributed to its diverse portfolio of industries, ranging from aerospace and defense to healthcare and technology, each contributing to the city's remarkable progress. The report emphasizes the strong economic indicators within San Antonio, including the high concentration of research and development activities, robust entrepreneurial ecosystem, and an established network of highly skilled professionals. This recognition further strengthens San Antonio's position as a beacon for investors and a center of economic development for the nation. This accomplishment underscores the city's commitment to fostering a thriving economic future and demonstrates the remarkable progress achieved through strategic planning and execution.	"Burmistrz San Antonio, Julián Castro, podczas przemówienia na konwencji Partii Demokratycznej pochwalił się sukcesem swojego miasta, mówiąc, że według Instytutu Milkena San Antonio zostało uznane za najlepiej prosperującą lokalną gospodarkę w USA. Ranking ten, oparty m.in. na wzroście zatrudnienia, wynagrodzeń i rozwoju technologii, rzeczywiście uplasował San Antonio na 1. miejscu wśród dużych metropolii w 2011 roku (awans z 14. pozycji w 2010 r.).

Na sukces miasta wpłynęły takie czynniki jak rozwój sektora medycznego, przenosiny firm biotechnologicznych (np. InCube, Medtronic), obecność dużych korporacji (np. Valero, USAA, H-E-B), jak również restrukturyzacja baz wojskowych i eksploatacja złóż Eagle Ford Shale. W rankingu Milkena aż 4 z 5 czołowych miast pochodziły z Teksasu, co częściowo wynikało z relatywnej stabilności regionu na tle krajowego spowolnienia gospodarczego.

Ocena wypowiedzi Castro: prawdziwa (True)."	1	1	0	1	1	1	1	"- informacja o przemysłach wpływających na silną sytuację ekonomiczną San Antonio
- informacja o tym, że San Antonio jest centrum rozwoju ekonomicznego. Wikipedia wspomina, że jednymi z głównych elementów gospodarki są usługi biznesowe i finansowe."	0	"https://www.forbes.com/pictures/eddk45edeml/1-san-antonio-tx-2/
https://www.harrisonburghousingtoday.com/files_content/documents/64/20130128065100__bestperformingcitiesreport.pdf
https://www.politifact.com/factchecks/2012/sep/05/julian-castro/julian-castro-says-milken-institute-named-san-anto/

Artykuł dodaje nowe informacje na temat konkretnych przemysłów, które wzmacniają pozycję ekonomiczną San Antonio, aczkolwiek brakuje w nim informacji o faktycznych przyczynach podanych w raporcie Milken Institute, którymi są raczej wpływ silnego kompleksu wojskowego w postaci fortu Sam Houston, wydobycia ropy w Eagle Ford Shale, przeniesienie się do San Antonio firm biomedycznych oraz wpływ jednej z największych szpitali w kraju, który jest częścią Fortu Sam Houston. Artykuł fałszywie informuje, że raport podkreśla silne ekonomiczne wskaźniki w San Antonio, uwzględniając dużą koncentrację R&D. Trudno jest znaleźć faktyczny raport z 2011, ale w raporcie z 2012 jest napisane, że San Antonio zajmuje dopiero 69 miejsce w High-Tech GDP Concentration i 23 w Number of High-Tech Industries."	economy	julian-castro	Mayor, San Antonio	Texas	democrat	0	0	3	3	0	his speech at the Texas Democratic Party State Convention in Houston	neutral	not_question	0	6,25	non-curse	neutral	mild gibberish	non-offensive	CENTER	[0.025289954617619514, 0.12677784264087677, 0.06913580000400543, 0.17495232820510864, 0.1751851886510849, 0.4286588132381439]	[0.007307479158043861, 0.10150789469480515, 0.10459132492542267, 0.28589871525764465, 0.2697581350803375, 0.23093649744987488]	0,122553003988652
8	6473.json	5	0,399270206689835	0,302438020706177	0,096832185983658	2,20806555800978	2,25625480769627	5	2	Says Paul Ryans budget relies on the same $700 billion in savings from Medicare that Mitt Romney and other Republicans have been attacking Democrats about.	Perez said that a union members median weekly income is about $200 more than someone who is not in a union. His figure, on the whole, holds up, although there are some professions that are exceptions. But Perez clearly was talking in general terms.	The Republican nominee for president, Paul Ryan, has crafted a budget proposal that calls for $700 billion in cuts to Medicare spending over the years, a figure that has been a point of contention between the parties for months. This figure represents a significant chunk of the budget for the aging population, which is projected to rely heavily on Medicare for healthcare during the next decades. Democrats and other critics have highlighted the steep nature of these cuts and argued that they would disproportionately hurt elderly citizens who rely on the program. Ryan has consistently maintained that he intends to rein in government spending in a way that makes the budget more sustainable, and these Medicare cuts are a part of that strategy. However, the $700 billion figure has become a point of contention between Republicans and Democrats. Democrats, and several Republican critics, have argued that this figure relies on the same $700 billion in savings from Medicare that Mitt Romney and other Republicans have been pushing for months. This strategy for budget cuts that hinges on a single source of revenue has been critiqued for being inflexible and unsustainable.  While Ryan's budget proposal does outline numerous cuts to other programs, some argue that these cuts, while necessary, do not address the fundamental issue of unsustainable government spending and its consequences for the	"Artykuł z 2012 roku dotyczy debaty wokół planu reformy Medicare autorstwa Paula Ryana, kandydata na wiceprezydenta z ramienia Partii Republikańskiej. Stephanie Cutter, rzeczniczka kampanii Baracka Obamy, zarzuciła Republikanom hipokryzję: Mitt Romney krytykował prezydenta za rzekome „cięcia” w Medicare w wysokości 700 miliardów dolarów, podczas gdy Paul Ryan zawarł te same oszczędności w swoim własnym planie budżetowym.
Kluczowe fakty:

    Plan Ryana zakładał przekształcenie Medicare w system oparty na prywatnych ubezpieczeniach z tzw. „wsparciem premii” (vouchery) dla osób poniżej 55. roku życia.

    Cięcia 700 mld dolarów nie były faktycznymi redukcjami budżetu Medicare, lecz spowolnieniem tempa wzrostu wydatków, głównie przez obniżenie płatności dla prywatnych ubezpieczycieli (Medicare Advantage) i szpitali.

    Kwota 700 mld wynikała z nowszych prognoz budżetowych (CBO), wcześniej mówiło się o 500 mld.

    Paul Ryan utrzymał te same oszczędności w swoim budżecie, z zamiarem przeznaczenia ich na przedłużenie wypłacalności programu, nie na inne cele – co różniło się od podejścia Obamy.

    Romney sprzeciwiał się oszczędnościom z ustawy Obamacare, mimo że Ryan je zachował w swoim planie.

    Plan Ryana nie miał mocy prawnej, ale jego wypowiedzi potwierdzały, że zawierał te same oszczędności.

Werdykt PolitiFact:

Twierdzenie Cutter, że Ryan „ochronił te cięcia” w swoim budżecie, uznano za prawdziwe (True)."	1	0	0	1	0	0	-1		0	"https://www.politifact.com/factchecks/2012/aug/15/stephanie-cutter/ryans-plan-includes-700-billion-medicare-cuts-says/
https://chatgpt.com/share/6851c558-238c-8000-8741-d8e4474a682a"	federal-budget,health-care,medicare,retirement	stephanie-cutter	"Co-host on CNN's ""Crossfire"""	Massachusetts	democrat	1	1	0	1	0	"an interview on ""Face the Nation"""	neutral	not_question	1	5,16	non-curse	anger	clean	non-offensive	CENTER	[0.021868763491511345, 0.23542222380638123, 0.10045131295919418, 0.14118489623069763, 0.10180260986089706, 0.3992702066898346]	[0.038908082991838455, 0.2195589542388916, 0.30243802070617676, 0.28560373187065125, 0.10264848172664642, 0.05084272846579552]	0,12075449103822
9	8011.json	5	0,386184185743332	0,311559855937958	0,074624329805374	2,26075846520461	2,47029760515601	5	1	Says Austin is the largest city in America without a congressional district anchored in it.	"However, in the Meet the Press interview, Granholm was trying to use her experience as a governor to make a larger point about how cutting government ""did not result in economic growth. ""She's probably correct that government cuts hampered her state's recovery, at least in the short term, but Michigans experience over the last decade suggests that the reverse is an even bigger factor -- that is, poor economic growth hurts tax revenues and, in turn, forces government cuts."	The claim that Austin, Texas is the largest city in the United States without a congressional district anchored in it is controversial and has sparked debate among city residents, political officials, and national media. While the assertion is true in a literal interpretation, it highlights a broader issue concerning representation and local involvement. Critics argue that Austin's vast population and increasing influence require a congressional seat.  They point out that the state's recent redistricting process ignored the needs of residents in certain areas, potentially creating a situation where significant numbers of citizens lack voting power. This has led to calls for a re-evaluation of representation and potentially a new district. This lack of representation may create a disconnect between residents and the elected officials who should be serving them. On the other hand, those who support Austin remaining as a city without a congressional district cite the benefits of a population so large that it can self-regulate and manage its own affairs. Some also believe that this position allows for greater flexibility in the political landscape and strengthens its voice in national conversations. This complex issue raises important questions about the balance between representation and local autonomy, and the challenges associated with allocating resources and power in a rapidly growing city like Austin.The question of whether Austin should have a congressional district remains a point	"Rep. Elliott Naishtat z Austin stwierdził, że Austin jest największym miastem w USA, które nie ma żadnego kongresowego okręgu wyborczego ""zakotwiczonego"" (ang. anchored) w swoim obrębie. Oznacza to, że żaden z okręgów kongresowych, obejmujących części miasta, nie zawiera większości mieszkańców Austin, co skutkuje brakiem wpływu mieszkańców miasta na wybór przedstawiciela z własnego regionu.

Austin jest podzielone na części sześciu okręgów kongresowych, ale w żadnym z nich Austiniacy nie stanowią większości populacji. W porównaniu z innymi, większymi miastami USA — takimi jak Nowy Jork, Los Angeles, Chicago, Houston, Dallas czy San Antonio — każde z nich ma przynajmniej jeden okręg, w którym większość stanowią mieszkańcy tego miasta, czyli okręg zakotwiczony w danym mieście.

Eksperci od redystrybucji wyborców tłumaczą, że ""okręg zakotwiczony"" to taki, który jest w całości w obrębie miasta lub przynajmniej gdzie mieszkańcy tego miasta stanowią większość wyborców. W przypadku Austin żaden z okręgów nie spełnia tego warunku, co oznacza, że mieszkańcy miasta mają ograniczoną kontrolę nad wyborem swojego przedstawiciela.

Podsumowując, stwierdzenie Naishtata, że Austin jest największym miastem USA bez kongresowego okręgu zakotwiczonego w nim, jest prawdziwe."	1	0	0	1	1	2	1	"- informacja o negatywnym wpływie braku reprezentacji z powodu braku dystryktu kongresowego
- informacja o publicznej chęci reewaluacji lub utworzenia dystryktu kongresowego"	0	"https://chatgpt.com/share/6851fb89-8194-8000-b1bb-e72d27c5b151
https://www.politifact.com/factchecks/2013/jul/17/elliott-naishtat/austin-legislator-calls-austin-largest-us-city-wit/

Niektóre informacje są niepewne, można by je chcieć zaznaczyć jako fałszywe, ale ponieważ nie ma pewności, ze względu na małą znajomość lokalnego amerykańskiego życia politycznego, to nie zaznaczono ich."	redistricting	elliott-naishtat	Attorney	Texas	democrat	0	0	1	0	0	a Texas House floor debate.	neutral	not_question	0	3,3	non-curse	neutral	mild gibberish	non-offensive	CENTER	[0.029817279428243637, 0.14831233024597168, 0.07685847580432892, 0.16113293170928955, 0.1976948082447052, 0.3861841857433319]	[0.10688189417123795, 0.31155985593795776, 0.10986952483654022, 0.13905175030231476, 0.14148639142513275, 0.19115063548088074]	0,12031948927571
10	12627.json	5	0,350312948226929	0,343005925416946	0,00730702280998297	2,07643719774701	2,23867529500243	5	3	Says Donald Trumps proposed tax treatment of hedge fund managers makes the current loophole even worse.	"Maddow said, ""When the Dallas/Fort Worth Airport needed to stop its earthquake spike a few years ago, they temporarily shut down the wells that were injecting fracking fluid into the ground . . . (and) those earthquakes stopped. ""An airport official confirms Maddow's story, aside from the fact that it was one well. Officials at the airport asked that a well be shut down, and after it was, the earthquakes eventually stopped. Seismologists linked the well to the earthquakes."	"As we all know, the wealthy and powerful in America have always enjoyed a preferential treatment when it comes to their taxes. This is true, even after decades of reforms aimed at narrowing the tax gap between the wealthy and the rest of us. But when the world of high finance, specifically hedge fund managers, were introduced to the tax laws, their influence and ability to game the system has only grown stronger. While the recent political push to reform the capital gains tax for all, including hedge fund managers, is welcome, it hasn't been a panacea.Donald Trump, with his proposed tax treatment of hedge fund managers, has only served to worsen this ""loophole"" that has existed for years. It's an insult to ordinary Americans, and a clear indication of a lack of understanding of basic economics. It’s important to understand that this loophole is one of the many reasons that the American income gap is widening and our national debt continues to balloon. It's also a clear sign that there is a lack of understanding of the realities of the average American who is struggling to make ends meet.Instead of addressing the underlying issues that are driving this unfair system, which include the massive influence of powerful hedge fund managers, his proposal simply exacerbates the problem"	"Hillary Clinton krytykuje plan podatkowy Donalda Trumpa, twierdząc, że w rzeczywistości faworyzuje on zarządzających funduszami hedgingowymi, których Trump wcześniej obiecywał ukrócić. Trump zapowiedział likwidację tzw. „luki podatkowej carried interest”, dzięki której menedżerowie funduszy płacą niższe podatki od dochodów kapitałowych zamiast wyższe od dochodów zwykłych. Jednak jego plan wprowadza nową ulgę — niższą, stałą stawkę 15% podatku dla dochodów osiąganych przez partnerstwa biznesowe, do których należą też fundusze hedgingowe.

W efekcie wielu zarządzających funduszami zapłaci podatek niższy niż obecnie (ok. 15% zamiast 23,8%), co oznacza, że Trump de facto poprawia ich sytuację podatkową, mimo deklaracji o podnoszeniu im podatków. Clinton wskazuje też, że stawka podatku dla tych menedżerów może być niższa niż stawka dla wielu rodzin klasy średniej.

Analizy potwierdzają, że plan Trumpa faworyzuje bogatych zarządzających funduszami, choć jednocześnie przewiduje obniżki podatków dla klasy średniej. Podsumowując, Clinton ma rację — plan Trumpa zamiast ograniczać przywileje hedge fundów, w praktyce je zwiększa.

Ocena: stwierdzenie Hillary Clinton jest prawdziwe."	1	1	1	0	1				0	https://www.politifact.com/factchecks/2016/jul/01/hillary-clinton/clinton-right-say-trumps-plan-good-hedge-funders/	taxes	hillary-clinton	Presidential candidate	New York	democrat	40	29	69	76	7	a speech	negative	not_question	1	2,91	non-curse	disgust	clean	non-offensive	RIGHT	[0.01057658065110445, 0.04977099969983101, 0.07575608789920807, 0.1868370920419693, 0.3267463445663452, 0.3503129482269287]	[0.01242735330015421, 0.08991825580596924, 0.16106626391410828, 0.3430059254169464, 0.2594861686229706, 0.13409599661827087]	0,120159416992117
11	5470.json	5	0,319058984518051	0,371552437543869	-0,052493453025818	2,2769629701887	1,9803126253488	5	4	Pasco County schools have graduation rates substantially higher than the state average and dropout rates below the state average.	Fiorentino accurately touts the districts improved dropout rate. State reports show the district dropout rate was 1. 0 percent for 2010-11, down from 3. 5 percent in 2006-07. The overall state rates were 3. 3 percent in 2006-07 and 1. 9 percent in 2010-11, so Pasco did show better improvement than the state.	Pasco County Public Schools have consistently been exceeding the state average in graduation rates and significantly lower than the state average in dropout rates. This recent success stems from the dedicated efforts of teachers, administrators, and families who have collaboratively committed to providing students with a quality education.  The high graduation rates stand as a testament to the district's commitment to academic excellence and its proven impact on student development. The district boasts a robust academic infrastructure that fosters a supportive learning environment. This includes dedicated staff, advanced technology, and diverse learning opportunities. This combination ensures that students have the tools necessary for success in all aspects of their education. Moreover, the district actively focuses on student engagement and social-emotional learning. This focus on well-rounded individuals is crucial for overall student success. By nurturing a supportive and inclusive environment, the district encourages students to embrace their individuality, participate in meaningful extracurricular activities, and build strong interpersonal skills. Despite the challenges posed by an increasingly complex world, Pasco County Public Schools are steadily progressing, building a bright future for their students. Their dedication to academic excellence, combined with a focus on student well-being and engaging learning experiences, has fueled their success in ensuring the highest graduation rates and significantly lower dropout rates.	"Pasco County Schools — wyniki i osiągnięcia pod kierownictwem Heather Fiorentino

Heather Fiorentino, ubiegająca się o trzecią kadencję na stanowisku superintendent szkół hrabstwa Pasco, podkreśla pozytywne wyniki swojego zarządzania, wskazując na wyższe niż średnia stanowa wskaźniki ukończenia szkoły oraz niższe wskaźniki porzucania nauki.

    Wskaźniki ukończenia szkoły:
    W roku szkolnym 2010-11 wskaźnik ukończenia wyniósł 88,5% (wg kalkulacji stanu Floryda) i 85,5% (wg National Governors Association), co jest znacząco wyższe niż średnia stanowa (odpowiednio 81,2% i 80,1%). W porównaniu do roku 2006-07, Pasco poprawiło wyniki o około 10 punktów procentowych.

    Wskaźniki porzucania nauki:
    Spadły one do 1,0% w roku 2010-11 z poziomu 3,5% w 2006-07, podczas gdy stanowa średnia spadła z 3,3% do 1,9%. Pasco więc poprawiło się bardziej niż średnia stanowa.

    Równość wyników między grupami demograficznymi:
    Hrabstwo jest jednym z niewielu, które nie mają znaczących różnic w wskaźnikach ukończenia między różnymi grupami uczniów.

Inne ważne informacje z analiz:

    Oceny stanowe:
    W latach pod rządami Fiorentino szkoły otrzymywały oceny ""A"" lub ""B"" w systemie ocen stanowych, choć były pewne wahania (np. spadek punktów w porównaniu z 2007-09).

    Rozwój infrastruktury:
    W okresie 2005-2011 otwarto 20 nowych szkół (nie 22, jak początkowo podano), by sprostać rosnącej liczbie uczniów i wymogom zmniejszenia liczebności klas. Jednak w roku 2011-12 nie udało się w pełni spełnić wymogów dotyczących rozmiarów klas, za co nałożono karę finansową.

    Akademie zawodowe:
    W każdym liceum hrabstwa powstała co najmniej jedna certyfikowana akademia zawodowa, choć wdrożenie programu spotkało się z pewnymi problemami organizacyjnymi i ograniczeniami, np. w zakresie rekrutacji i współpracy z biznesem.

Podsumowując, statystyki wskazują na realne i znaczące poprawy w wynikach edukacyjnych w hrabstwie Pasco pod rządami Heather Fiorentino, choć niektóre z jej oświadczeń były lekko przesadzone lub wymagały uzupełnienia kontekstem. Ogólna ocena jej twierdzeń jest pozytywna i uznana za prawdziwe lub ""w większości prawdziwe""."	1	1	1	1	1	1	1	- pozytywny stereotyp tej instytucji	0	"https://www.politifact.com/factchecks/2012/mar/04/heather-fiorentino/pasco-county-schools-have-graduation-rates-above-s/
https://www.tampabay.com/news/education/k12/statements-by-pasco-superintendent-fiorentino-touting-her-record-are/1218289/

Ciężko stwierdzić czy informacje przedstawione w artykule są prawdziwe w kontekście artykułu, z którego wzięto treść statement, ale ogólnie treść artykułu wydaje się zawierać pewien pozytywny stereotyp w stosunku do takich sytuacji, który mógłby być przydatny do ewaluacji, bo np.. gdyby PCPS miało złą opinię, to stereotyp mógłby być negatywny i tym samym przekazać przydatną negatywną opinię o tej instytucji. Dodatkowo jest to istotne ze względu na to, że sentyment treści statement jest neutralny."	education	heather-fiorentino	superintendent of Pasco County's public schools	Florida	republican	0	0	1	0	1	a press release	neutral	not_question	0	1,55	non-curse	neutral	clean	non-offensive	RIGHT	[0.01772487163543701, 0.1360192447900772, 0.07914035022258759, 0.2198912650346756, 0.22816531360149384, 0.31905898451805115]	[0.001589831430464983, 0.054511576890945435, 0.04651065543293953, 0.2138267308473587, 0.371552437543869, 0.3120087683200836]	0,118547143417953
12	6976.json	5	0,359089493751526	0,33002370595932	0,029065787792206	2,18639246940432	2,30621459989037	5	4	The poverty rate amongst women is the worst its been in 17 years and the extreme poverty rate is the worst its ever been.	"Allen said, ""The poverty rate amongst women is the worst its been in 17 years and the extreme poverty rate is the worst its ever been. ""The numbers back him up."	The nation's poverty rates have become a glaring issue with women at the forefront of suffering. It has been revealed that the poverty rate amongst women has hit its highest point in 17 years, a stark and concerning reality. This dramatic increase in poverty highlights an alarming trend that spans across generations and households. This information highlights a disturbing pattern that demands immediate attention.  The extreme poverty rate has reached its highest level ever recorded, further cementing the notion of alarming socio-economic inequalities that plague our nation.  This alarming surge in poverty is a result of various complex factors.  These include the economic fallout from the COVID-19 pandemic, the widening gap between high-skilled and low-skilled labor markets, and the lack of opportunities for women.  These numbers reveal a societal issue that demands immediate action. Women are being disproportionately impacted by this crisis, as they are often burdened with the responsibility of family care and domestic tasks. The impact of this crisis goes beyond mere statistics. It represents a devastating reality for millions of women struggling to put food on the table for their families, navigate through complex economic uncertainties, and manage the challenges of poverty. This crisis demands immediate attention and requires a comprehensive strategy that addresses the root causes and aims to alleviate the struggles faced	"Kandydat na senatora George Allen stwierdził, że wskaźnik ubóstwa wśród kobiet jest najwyższy od 17 lat, a skrajne ubóstwo osiągnęło najwyższy poziom w historii pomiarów. Dane z amerykańskiego spisu powszechnego potwierdzają, że w 2010 roku 16,3% kobiet żyło w ubóstwie — to najwyższy poziom od 1993 roku. W 2011 roku wskaźnik ten pozostał na podobnym poziomie, a odsetek kobiet żyjących w skrajnym ubóstwie (definiowanym jako połowa progu ubóstwa) osiągnął 7,2%, co jest najwyższym wynikiem od rozpoczęcia pomiarów w 1988 roku.

Przyczyną większego ubóstwa kobiet jest m.in. różnica w zarobkach — kobiety na pełnym etacie zarabiają średnio 77 centów na dolara zarobionego przez mężczyzn. Częściowo wynika to z wyboru zawodów o niższych płacach i częstszych przerw w pracy związanych z opieką nad dziećmi. Dodatkowo, cięcia wydatków publicznych, zwłaszcza w sektorze edukacji (gdzie pracuje około 70% kobiet), szczególnie dotknęły kobiety i hamowały ich odbudowę finansową po kryzysie.

Podsumowując, stwierdzenie George’a Allena, że wskaźnik ubóstwa wśród kobiet jest najgorszy od 17 lat, a skrajne ubóstwo — najwyższe w historii, jest prawdziwe."	1	0	0	1	1	1	1	- informacja o tym, że kobiety częściej zajmują się domem i dziećmi, która jest również zawarta w oryginalnym artykule, przez co są mniej uprzywilejowane niż mężczyźni w zarabianiu pieniędzy	0	"https://www.politifact.com/factchecks/2012/oct/22/george-allen/george-allen-says-womens-poverty-rate-highest-17-y/

Po za niektórymi informacjami, to artykuł zupełnie omija kontekst czasowy wypowiedzi z oryginalnego artykułu (co jest zrozumiałe, bo generator go nie znał). Mimo to, niektóre informacje są zawarte w artykule pokrywają się z oryginalnym artykułem na PolitiFact, więc artykuł dostarcza dodatkowych przydatnych informacji, których nie ma ani w statement ani w justification"	poverty,women	george-allen	consultant	Virginia	republican	2	8	3	4	1	a debate.	negative	not_question	2	0,83	non-curse	disgust	mild gibberish	non-offensive	LEFT	[0.0173142421990633, 0.12927070260047913, 0.054993707686662674, 0.16779766976833344, 0.27153411507606506, 0.3590894937515259]	[0.0261825043708086, 0.1275903284549713, 0.09549015015363693, 0.2444220632314682, 0.33002370595932007, 0.17629125714302063]	0,118508045498935
13	1677.json	5	0,381499707698822	0,309928923845291	0,071570783853531	2,24669705439539	2,33843229709026	5	3	"Says that under a new program jail ""time for non-violent, mentally ill offenders has been reduced by 50 percent."""	"Berkes told us that she has done some further research and it's still clear the quote isn't Jefferson's. We also found that ""Respectfully Quoted: A Dictionary of Quotations"" also attributes the quote to the United States Magazine and Democratic Review. Our rating Walker said it was Thomas Jefferson who said ""that government is best which governs least. ""While it may match closely with Jeffersons views, the Thomas Jefferson Foundation lists the quote as one of the many that are mistakenly attributed to Jefferson."	"The new program, ""The Serenity Bridge"", promises a radical reduction in the prison population for non-violent offenders with mental health issues. It was formally introduced in the state prison system earlier this year. The program is a collaborative effort between state lawmakers, mental health professionals, and legal advocates. It focuses on de-institutionalizing offenders, treating them for mental health conditions, and providing access to legal and social support systems. Under this program, jail time for non-violent, mentally ill offenders has been significantly reduced by 50 percent. This change in policy signals a commitment to reforming the criminal justice system towards a more humane and efficient approach. The program also acknowledges the often overlooked needs of individuals suffering from mental illness and those who are wrongly incarcerated. It aims to address underlying societal issues, such as poverty, education, and lack of access to mental health resources.The implementation of ""The Serenity Bridge"" is expected to have a substantial impact on the community by reducing recidivism rates and diverting mental health services to communities. It also emphasizes the importance of early intervention and prevention, ultimately aiming to lessen the need for incarceration in the first place. This new program promises a more humane and efficient way to handle mental health issues within the prison system, promoting"	"Karen Sage, kandydatka na sędziego w hrabstwie Travis (Teksas), promowała program dla oskarżonych z problemami psychicznymi, którym kierowała jako prokurator. Twierdziła, że dzięki temu programowi czas pobytu w więzieniu dla nieagresywnych przestępców z zaburzeniami psychicznymi został skrócony o 50%. Program, rozpoczęty w 2009 roku, obejmował osoby z poważnymi diagnozami psychiatrycznymi i zapewniał im wsparcie zarówno w więzieniu, jak i po wyjściu na wolność.

Analiza danych pokazała, że średni czas pobytu w więzieniu dla uczestników programu spadł z 77 do 36 dni — czyli o 53%. W związku z tym stwierdzenie Sage zostało ocenione jako prawdziwe."	1	0	0	1	1	1	1	- informacja na temat niezauważonych potencjalnych potrzeb więźniów, którzy mają zaburzenia psychiczne lub dotykają ich inne problemy społeczne, co wpływa na prawdopodobieństwo recydywy	0	"https://www.politifact.com/factchecks/2010/apr/10/karen-sage/karen-sage-says-jail-time-has-been-cut-50-percent-/

Treść artykułu dotyczy raczej jakiegoś innego programu, niż ten opisany w faktycznym artykule. Mimo, że prawdziwość statementu może być określona jedynie przy pomocy konktekstu, a artykuł opisuje prawdopodobnie jakiś inny program, to artykuł posiada pewne ogólne prawdy na temat systemu więziennictwa, co może być cenne przy weryfikacji prawdziwości statement + context."	crime,government-efficiency,job-accomplishments	karen-sage	Attorney	Texas	democrat	0	0	0	0	0	a mailer	neutral	not_question	0	0,88	non-curse	neutral	clean	non-offensive	CENTER	[0.019234055653214455, 0.15024806559085846, 0.08405552804470062, 0.17800799012184143, 0.18695472180843353, 0.381499707698822]	[0.020253688097000122, 0.14976079761981964, 0.16887101531028748, 0.30992892384529114, 0.22944197058677673, 0.1217435970902443]	0,118237793854389
14	11887.json	5	0,326392471790314	0,357682883739471	-0,031290411949157	2,37894002583633	2,34483405521451	5	1	Says President John F. Kennedy released a star Green Bay Packer from military reserve duty so that he could play in the 1961 NFL Championship Game.	"Has the government seized control of education?West said: ""We had an amendment in the health care law that said the federal government is going to take over education. ""This is the same type of overblown ""takeover"" rhetoric that led to our 2010 Lie of the Year award. The federal government was a major player in student loans for years before Obama signed the health care law. And the law does notmean that colleges and universities are nowunder the control or management of the federal government."	The extraordinary claim, that President John F. Kennedy personally released a star Green Bay Packer from military reserve duty to enable him to play in the 1961 NFL Championship Game, has become the subject of much speculation and debate. This rumor, often presented with a hint of conspiracy, revolves around the legendary quarterback, Bart Starr.  There's no doubt that Starr was one of the most admired and decorated players of his generation.  He led the Packers to numerous victories and was recognized as a symbol of team spirit.  But the claim of a presidential intervention in his military service to participate in the game is one that cannot be confirmed through official records or verified by historical documentation.  Was it a genuine concern for Starr's well-being and the strength of the team? Or was it a symptom of the era's paranoia and the insatiable thirst for conspiracy theories?Despite the lack of hard evidence, the rumor continues to surface in public forums.   The mere mention of this story, no matter how absurd or fantastical, fuels the imagination and encourages speculation. It's a stark reminder of how stories evolve over time, becoming increasingly embellished and fueled by their own popularity.  Even without concrete evidence, the idea of a presidential intervention to free a	"Artykuł z 2016 roku potwierdza prawdziwość anegdoty opowiedzianej przez autora A.J. Jacobsa, który twierdził, że prezydent John F. Kennedy pomógł drużynie Green Bay Packers wygrać mistrzostwa NFL w 1961 roku, zwalniając ich gwiazdora Paula Hornunga z obowiązków wojskowych.

Zgodnie z relacją, trener Packersów Vince Lombardi był przyjacielem Kennedy’ego i skontaktował się z nim, gdy dowiedział się, że Hornung nie dostanie przepustki na mecz z powodu aktywnego powołania do wojska podczas kryzysu berlińskiego. Kennedy osobiście interweniował, zmieniając politykę urlopową Fort Riley, dzięki czemu Hornung mógł zagrać.

Relację potwierdzają nie tylko wypowiedzi samego Hornunga, ale także dokument – list Lombardiego do prezydenckiego doradcy, w którym dziękował za pomoc w umożliwieniu zawodnikowi udziału w meczu. Hornung zdobył wówczas rekordowe 19 punktów, a Packers wygrali z New York Giants 37–0.

Wniosek: historia jest prawdziwa."	1	0	0	1	0	0	-1		1	"https://www.politifact.com/factchecks/2016/feb/09/j-jacobs/did-jfk-answer-vince-lombardis-call-spring-green-b/

Temat, który porusza artykuł zgadza się z tym który porusza oryginalny artykuł, ale wygenerowany artykuł mimo że dodaje dodatkowe informacje, to fałszywie mówi, że gwiazdą, której dotyczyła sprawa był Bart Starr (w rzeczywistości to był Paul Hornung). Nie zgadza się także to, że wygenerowany artykuł sugeruje, że to jest jakaś teoria spiskowa, podczas gdy w rzeczywistości jest to powszechnie znany fakt. Może się wydawać, że generator niepoprawnie skojarzył temat z innym okresem historycznym."	history,military,sports	j-jacobs			journalist	0	0	0	0	0	an interview	neutral	not_question	0	8,84	non-curse	sadness	mild gibberish	non-offensive	CENTER	[0.05219469964504242, 0.17891529202461243, 0.08881516009569168, 0.21009480953216553, 0.14358754456043243, 0.3263924717903137]	[0.23582769930362701, 0.35768288373947144, 0.11841423064470291, 0.11479794234037399, 0.06038340926170349, 0.11289376020431519]	0,116745000540813
15	7448.json	5	0,357193142175674	0,322631180286407	0,034561961889267	2,19584070199364	2,14889631950829	5	4	Felony crimes in the city of Atlanta are the lowest they have been since 1969.	Indeed, the number of reported felony crimes is at its lowest since 1969. Its possible the felony crime rate was slightly lower in 1970 or 1971. Its possible, though, that the felony crime rate was lower in 2012. Since it is possible the felony crime rate was lower in 2012, were not going to quibble about 1970 or 1971.	Atlanta continues to be a city on the rise, but its commitment to safety and stability goes beyond mere growth.  Today, a sobering statistic highlights just how far the city has come in recent years.  Data from the Atlanta Police Department reveals that felony crime rates in the city are the lowest they've been since 1969. This remarkable achievement represents years of dedicated efforts to address root causes of crime and build stronger communities. From implementing innovative community policing strategies to investing in youth programs, social services, and restorative justice, Atlanta has shown unwavering commitment to fostering a safer and more peaceful city for its residents. This proactive approach towards crime prevention, coupled with a renewed focus on community engagement and collaborative efforts, has yielded significant results. The city's success in reducing felony crime rates speaks volumes about its commitment to safety and stability, and offers a powerful testament to the progress made over the decades.  This advancement deserves recognition and celebration, as it demonstrates the positive impact of a city striving towards a better future for its citizens.	"Burmistrz Atlanty, Kasim Reed, ogłosił w przemówieniu o stanie miasta, że liczba przestępstw typu felony (m.in. morderstwa, gwałty, rozboje) w 2012 roku była najniższa od 1969 roku. Informacja ta znalazła się także w broszurze promującej osiągnięcia jego administracji. Dane policyjne potwierdzają, że w 2012 roku odnotowano 34 581 takich przestępstw, co rzeczywiście stanowi najniższy poziom od 1969 roku.

Choć FBI nie miało jeszcze pełnych danych za 2012 rok, lokalne dane są zgodne z wcześniejszymi zestawieniami FBI. W latach 1970 i 1971 wskaźnik przestępczości na 100 tys. mieszkańców mógł być nieco niższy, ale różnice są minimalne i zależą od szacunków populacji, które były korygowane po apelacjach miasta.

Spadek przestępczości w Atlancie wpisuje się w ogólnokrajowy trend, wspierany przez nowe technologie (mapowanie przestępstw, monitoring, zwiększona liczba policjantów). Choć w przeszłości Atlanta miała problemy z dokładnością raportów policyjnych, obecnie nie ma dowodów na zaniżanie statystyk.

Wniosek PolitiFact Georgia: Twierdzenie burmistrza jest prawdziwe – liczba przestępstw typu felony w 2012 roku była najniższa od 1969 roku."	1	1	1	0	1				0	"https://www.politifact.com/factchecks/2013/feb/26/kasim-reed/mayor-says-felonies-atlanta-lowest-decades/

Wygenerowany artykuł jest bardzo ogólny i praktycznie nie przekazuje żadnych nowych interesjących informacji, których nie można wydedukować na podstawie statement."	crime	kasim-reed			democrat	1	0	5	7	1	a speech	negative	not_question	0	2,56	non-curse	disgust	clean	non-offensive	RIGHT	[0.01729336753487587, 0.09154985100030899, 0.07434026896953583, 0.2002067267894745, 0.2594166696071625, 0.35719314217567444]	[0.008707360364496708, 0.07498396933078766, 0.07084277272224426, 0.2592323124408722, 0.32263118028640747, 0.2636024057865143]	0,115241645050348
16	4272.json	5	0,338731199502945	0,336995899677277	0,001735299825668	2,21001787900445	2,20334648228195	5	4	Twenty-five states have lower unemployment than Texas which is tied with Mississippi for more minimum-wage jobs than anywhere in the United States.	Washington, which has a state minimum wage rate higher than the federal rate, had the lowest share of hourly workers paid at or below minimum wage, 1. 1 percent. In sheer numbers, Texas had 268,000 hourly workers earning minimum wage and 282,000 paid below the minimum wage, the bureau says, the most of any state by a wide margin. Almost 13 percent of the nations hourly workers paid at or below the minimum wage were in Texas, the second most-populous state with more than 25 million residents, or about 8 percent of the nations population, according to the U. S.  Census Bureau. Mississippi, with almost 3 million residents, had 34,000 and 29,000 hourly workers, respectively, earning the minimum wage or less.	As a journalist working for the Texas Tribune, I find it hard to stomach the fact that Texas has fallen from grace when it comes to job market opportunities. While many people have been celebrating the recent boom in minimum-wage jobs across the country, there's a darker side to the story. At the moment, 25 states boast a lower unemployment rate than Texas. Furthermore, Texas is tied with Mississippi when it comes to having the highest number of minimum-wage jobs, a stark contrast to the state's supposed leadership in the market. This information reveals a complex picture that goes beyond just the headline numbers. It turns out that Texas has been outpaced in its ability to attract new businesses and jobs. This shift away from economic boom leaves behind a labor force that is struggling to find opportunities, leaving many of the people in their 20s, 30s, and even 40s to simply settle for anything, whether it's a minimum-wage job that offers little room for growth. The result of this is an increase in the number of minimum-wage jobs to compete with the growing need. What's interesting about this development is that Texas doesn't have a high minimum wage as compared to other states	"Kongresmen Lloyd Doggett skrytykował optymistyczne wypowiedzi gubernatora Teksasu Ricka Perry'ego na temat stanu zatrudnienia w Teksasie. Stwierdził, że 25 stanów ma niższe bezrobocie niż Teksas oraz że Teksas i Mississippi mają najwyższy odsetek pracowników zarabiających płacę minimalną w USA.

Dane z amerykańskiego Biura Statystyki Pracy potwierdzają te twierdzenia: w czerwcu 2011 roku stopa bezrobocia w Teksasie wynosiła 8,2%, co plasowało stan na 26. miejscu. Ponadto w 2010 roku aż 9,5% teksańskich pracowników godzinowych zarabiało stawkę minimalną lub mniej – taki sam wynik jak w Mississippi. W liczbach bezwzględnych Teksas miał najwięcej takich pracowników w kraju (550 tys.), więcej niż Kalifornia, Floryda i Illinois razem wzięte.

Niższe płace w Teksasie tłumaczono m.in. młodszą i mniej wykształconą siłą roboczą oraz niższym kosztem życia. W świetle tych faktów stwierdzenia Doggetta zostały ocenione jako prawdziwe."	1	1	0	1	1	1	1	- informacja o tym, że Texas nie ma ustalonej płacy minimalnej (nie ma informacji o tym, że ogólnie istnieje płaca minimalna ustalona na federalne minimum, ale można rozumieć, że to jest w domyśle, bo jest generowane w kontekście USA)	0	"https://www.politifact.com/factchecks/2011/aug/16/lloyd-doggett/lloyd-doggett-says-texas-has-worse-unemployment-25/

W oryginalnym artykule jest napisane, że niskie płace są spowodowane niskim wiekiem pracowników, niższymi kosztami życia i niższym wykształceniem pracowników, a w wygenerowanym artykule jest informacja Texas został wyprzedzony w zdolności przyciągania nowych biznesów."	job-accomplishments,jobs	lloyd-doggett	Texas congressman in the U.S. Houst of Representatives	Texas	democrat	1	0	2	7	0	an interview with ABC TV.	neutral	not_question	0	3,4	non-curse	neutral	clean	non-offensive	LEFT	[0.015508485026657581, 0.1291975975036621, 0.0604897066950798, 0.18622127175331116, 0.2698516547679901, 0.33873119950294495]	[0.0097292335703969, 0.12784485518932343, 0.06633356958627701, 0.20361903309822083, 0.3369958996772766, 0.2554773986339569]	0,114151025325258
17	5230.json	5	0,301787197589874	0,375016391277313	-0,073229193687439	2,23670074322089	1,98715336782814	5	4	Right now in Georgia, nearly one in three leaving our prisons are re-convicted within three years.	"R.  John Pritchard, a historian and lawyer who is a top scholar on the trials, said the Japanese felt the ends justified the means. ""The rapid and effective collection of intelligence then, as now, was seen as vital to a successful struggle, and in addition, those who were engaged in torture often felt that whatever pain and anguish was suffered by the victims of torture was nothing less than the just deserts of the victims or people close to them,"" he said. In a recent journal essay, Judge Evan Wallach, a member of the U. S.  Court of International Trade and an adjunct professor in the law of war, writes that the testimony from American soldiers about this form of torture was gruesome and convincing. A number of the Japanese soldiers convicted by American judges were hanged, while others received lengthy prison sentences or time in labor camps."	Georgia is facing a concerning problem with recidivism rates. According to recent statistics, nearly one in three individuals leaving Georgia's prisons are re-convicted within three years of their release. This shocking figure reveals a significant failure in the state's efforts to rehabilitate offenders and reintegrate them into society.  The statistics underscore the dire need for comprehensive and lasting solutions to address the root causes of crime and improve post-prison support for those re-entering society.  We must consider the multifaceted nature of recidivism and look beyond just punitive measures. Addressing underlying issues such as mental health struggles, lack of education and employment opportunities, and substance abuse, is crucial.  Implementing effective reentry programs, expanding access to mental health and substance abuse treatment, and providing support networks for former inmates is essential.  Only then can we hope to diminish the high rate of recidivism and ensure a safer and more secure future for our communities. This is a call to action for policymakers, legal professionals, social workers, and citizens alike.  Let us address this challenge head-on and collaboratively work towards solutions that prioritize rehabilitation, support, and reintegration to build a lasting solution.	"Artykuł z 2012 roku dotyczy wypowiedzi gubernatora Georgii, Nathana Deala, który podczas orędzia o stanie państwa stwierdził, że prawie co trzeci więzień w Georgii wraca do więzienia w ciągu trzech lat od wyjścia. PolitiFact Georgia sprawdziło tę tezę.

Kluczowe ustalenia:

    Georgia ma jedną z największych populacji więźniów w USA i wydaje na system penitencjarny około 1 miliarda dolarów rocznie – ponad dwukrotnie więcej niż w 1990 roku.

    Liczba więźniów w ciągu 20 lat wzrosła dwukrotnie do 56 tys., mimo że przestępczość w ostatniej dekadzie spadła.

    Jeśli polityka się nie zmieni, do 2016 roku liczba więźniów może wzrosnąć o kolejne 8%, co oznacza dodatkowe koszty 264 mln dolarów.

    Dane z raportu Pew Center pokazały, że w 1999 r. 38% wypuszczonych więźniów wróciło do więzienia w ciągu 3 lat, a w 2004 r. – 35%.

    Najnowsze dane z Departamentu Więziennictwa Georgii (do 2008 r.) wskazują na recydywę na poziomie 27,5% (czyli nieco mniej niż jedna trzecia).

    Większość powrotów do więzienia wynikała z naruszeń technicznych, a wyroki w zawieszeniu w Georgii są bardzo długie – średnio 7 lat.

    Reforma systemu karnego ma być priorytetem, m.in. przez wprowadzenie alternatywnych kar dla mniej groźnych przestępców, co mogłoby ograniczyć recydywę.

Wniosek: Twierdzenie Deala, że „niemal co trzeci” były więzień wraca do zakładu karnego w ciągu 3 lat, zostało ocenione jako prawdziwe („True”), ponieważ dostępne dane potwierdzają jego wypowiedź."	1	1	1	0	1				0	"https://www.politifact.com/factchecks/2012/jan/25/nathan-deal/deal-makes-arresting-claim-about-ga-prisons/

Wygenerowany artykuł powtarza te same informacje, które są zawarte w statement. Wydaje się, że dodaje informacje na temat powodów recydywy, ale to nie są informacje, które mogłyby pomóc w klasyfikacji treści. One raczej wynikają z treści statement."	criminal-justice	nathan-deal			republican	9	5	11	11	0	a speech	negative	not_question	0	2,04	non-curse	neutral	clean	non-offensive	RIGHT	[0.01127545814961195, 0.09130948781967163, 0.0984577089548111, 0.23644618690013885, 0.26072391867637634, 0.30178719758987427]	[0.002958160825073719, 0.05142773315310478, 0.05139528587460518, 0.2017177939414978, 0.37501639127731323, 0.317484587430954]	0,113175145773848
18	12855.json	5	0,320368945598602	0,352818250656128	-0,032449305057526	2,21313567180979	2,03568545896592	5	4	Illinois suffered 1,652 overdose deaths in 2014 ... of which 40 percent were associated with heroin. Illinois is ranked number one in the nation for a decline in treatment capacity between 2007 and 2012, and is now ranked the third worst in the country for state-funded treatment capacity.	Budish was using the national statistic to argue that the new law would disproportionately impact potential black voters in Ohio. Yet there has been no study of this issue in Ohio so there are no specific figures for the state population. ID rates in other states where studies were done differed greatly. So while Budishs statement is accurate, it leaves out those important details needed to understand it in full context.	The state of Illinois is in crisis. The recent data reveals a staggering reality: Illinois has experienced 1,652 overdose deaths in 2014 alone.  Of this grim total, a shocking 40 percent can be attributed directly to heroin use.  This alarming figure paints a stark picture of the opioid epidemic sweeping the nation, with Illinois at the forefront. Further compounding the issue is the fact that Illinois now ranks as the nation's leader in a decline of treatment capacity between 2007 and 2012.  This means the state lags significantly behind others in providing essential resources to address the growing addiction crisis.  Currently, Illinois is ranked the third worst in the country for state-funded treatment capacity. This significant decline in treatment capacity has created a perfect storm of circumstances contributing to the ongoing opioid epidemic.  With fewer treatment programs available, those struggling with addiction are often left without the support and resources needed to recovery. This creates an immense bottleneck, pushing more individuals into the throes of addiction, leading to higher rates of overdose and ultimately fueling the crisis. The state of Illinois must address this issue with urgency.  A renewed commitment to expanding treatment capacity, along with an aggressive focus on	"Artykuł z 2016 roku dotyczy wypowiedzi senatora Dicka Durbina, który alarmował o powadze kryzysu związanego z uzależnieniem od heroiny i opioidów w Illinois. Twierdził, że w 2014 roku w stanie doszło do 1 652 zgonów z powodu przedawkowania, z czego 40% było związanych z heroiną. Choć liczba zgonów według nowszych danych wynosiła 1 700, a heroinowych – 711 (czyli ok. 42%), różnice te uznano za niewielkie i niemające wpływu na ogólny przekaz.

Durbin słusznie wskazywał też na dramatyczny spadek dostępności leczenia: między 2007 a 2012 rokiem Illinois odnotowało największy w kraju spadek liczby miejsc w programach leczenia finansowanych przez państwo (aż o 52%) i spadło z 28. na 44. miejsce pod względem tej dostępności. Problemy pogłębiły się z powodu braku budżetu stanowego i ograniczonego finansowania usług społecznych, co doprowadziło do zamykania placówek i ograniczania dostępu do pomocy.

Eksperci potwierdzili słuszność danych użytych przez Durbina, uznając je za trafne odzwierciedlenie pogarszającej się sytuacji i potrzebę reform. Artykuł kończy się oceną, że jego wypowiedź była prawdziwa."	1	1	1	0	2				0	"https://www.durbin.senate.gov/newsroom/press-releases/durbin-discusses-initiatives-to-address-opioid-crisis-with-dupage-county-leaders
https://www.politifact.com/factchecks/2016/aug/04/richard-durbin/40-percent-drug-overdose-deaths-involve-heroin/

Czytając wygenerowany artykuł ma się wrażenie, że po prostu zabrakło okna kontekstowego, aby wypowiedź się rozwinęła."	drugs	richard-durbin	Senator	Illinois	democrat	0	2	1	0	1	a press release 	negative	question	0	0,69	non-curse	disgust	clean	non-offensive	RIGHT	[0.02062423899769783, 0.09679482877254486, 0.0627673864364624, 0.27888819575309753, 0.22055642306804657, 0.3203689455986023]	[0.005835934076458216, 0.07081766426563263, 0.04546918347477913, 0.19647860527038574, 0.35281825065612793, 0.32858043909072876]	0,113032010950647
19	12929.json	5	0,315068602561951	0,358294159173965	-0,043225556612014	2,29385794009235	2,28506779508155	5	3	Today California is kicking our butt, creating more jobs and more economic growth than Texas.	"Castro said that ""today,"" California is ""creating more jobs and more economic growth than Texas. ""These fightin words hold up based on recent jobs growth and relative changes in GDP and personal income. Still (just a tad whiney here) would it hurt to acknowledge that Texas continues to enjoy a lower unemployment rate"	As a journalist, reporting on the state of California's booming economy, I'm here to share an update on the current economic landscape. For years, California has been often compared to Texas, both in terms of their size and economic profile. However, recent statistics reveal that California is a powerful economic engine, creating a higher volume of jobs and driving significant growth compared to Texas.  The Golden State has consistently outperformed Texas in terms of job creation, showcasing a robust and competitive market. In the last several years, California has added millions of new jobs, far exceeding the number of jobs added in Texas.  This surge in job creation translates directly into higher productivity and economic output, driving businesses to thrive. The state boasts a thriving technology sector that fuels innovation and creates high-paying jobs, attracting top talent from around the world. Beyond the technological sector, California's diverse industries, from healthcare and entertainment to agriculture and energy, contribute to a significant share of the overall economic output. Texas, on the other hand, has seen impressive growth in recent years, but the number of jobs created has been limited compared to California's significant output. With ongoing developments in areas such as renewable energy and sustainability, California is not only creating jobs but also leading the	"Julián Castro, ówczesny sekretarz HUD i były burmistrz San Antonio, stwierdził, że Kalifornia wyprzedza Teksas pod względem tworzenia miejsc pracy i wzrostu gospodarczego. Odniósł się przy tym do wcześniejszych przechwałek byłego gubernatora Ricka Perry’ego, który uważał Kalifornię za gospodarczo słabszą.

Castro oparł swoje twierdzenia na danych rządowych i raportach medialnych:

    Kalifornia dodała ponad 450 tys. miejsc pracy w ciągu roku (do kwietnia 2016), podczas gdy Teksas tylko 171 tys.

    Wzrost PKB Kalifornii (2014–2015) wyniósł 4,1%, a Teksasu 3,8%

    Kalifornijska średnia dochodu na mieszkańca wzrosła o 5,3%, w Teksasie o 2,4%

Ekonomiści potwierdzili, że w krótkim okresie Kalifornia rzeczywiście rozwijała się szybciej, choć Teksas miał lepsze wyniki w dłuższym horyzoncie (2006–2016). Zwrócono też uwagę, że niższa stopa bezrobocia w Teksasie (nieujęta w wypowiedzi Castro) nadal świadczy o sile jego rynku pracy.

Werdykt: Wypowiedź Castro została oceniona jako prawdziwa, ponieważ dostępne dane potwierdzają, że w tamtym czasie Kalifornia rzeczywiście notowała wyższy wzrost zatrudnienia, PKB i dochodu per capita niż Teksas."	1	1	0	1	2	1	0	"- informacja o rozwijającym się sektorze technologicznym, który tworzy wysokopłatne stanowiska, dzięki czemu przyciąga najlepszych pracowników z całego świata
- informacja o innych sektorach gospodarki Californii, które budują amerykańską gospodarkę"	0	"https://www.politifact.com/factchecks/2016/aug/17/julian-castro/julian-castro-says-california-besting-texas-creati/
https://chatgpt.com/share/68571983-d75c-8000-8f04-5f89cbf00dac

Pomimo, że wygenerowany artykuł uwzględnia przydatne fakty dotyczące gospodarki Californii, to nie dodaje żadnych nowych informacji, które mogłyby pomóc poprawnie zaklasyfikować przykład, poprzez np. porównanie jakiś informacji pomiędzy Californią a Texasem."	economy,jobs,states	julian-castro	Mayor, San Antonio	Texas	democrat	0	0	3	3	0	comments at Texas Democratic Party convention	negative	not_question	0	3,23	non-curse	anger	clean	offensive	RIGHT	[0.018972022458910942, 0.15008221566677094, 0.11663953959941864, 0.27310988306999207, 0.12612779438495636, 0.3150686025619507]	[0.01620779000222683, 0.1424512267112732, 0.1650325357913971, 0.35829415917396545, 0.19939517974853516, 0.11861908435821533]	0,11288724003705
20	9970.json	5	0,285274296998978	0,392388254404068	-0,10711395740509	2,30008525222642	2,01273007095853	5	4	In the last 10 years, Georgias middle class income has dropped $6,500.	"""We havent really seen that much growth since we hit that floor. ""In summary, Carters ad says middle-class income has dropped $6,500 in 10 years. He bases this on historical data from the U. S.  Census Bureau. That shows Georgias median household income, in inflation-adjusted dollars, fell by $6,682, from $54,803 in 2002 to $48,121 to 2012."	The middle class in Georgia has been hit hard in recent years, with middle class income dropping by a staggering $6,500 over the last decade. The latest economic data reveals a significant decline in purchasing power for families and individuals who have traditionally formed the backbone of the state's workforce. This decline in purchasing power reflects a broader national trend, where wage stagnation and rising costs have eroded the economic stability of middle-class families across the country.  While the issue has received limited public attention, the implications for Georgia's social and economic landscape are significant.  This decline in income represents a loss of financial security for countless families, who now face a greater burden of living expenses, and potentially hinder their prospects for homeownership, college education for children, and overall financial stability.  This decline in middle class income in Georgia should serve as a call to action. It is imperative for lawmakers, policymakers, and institutions to prioritize solutions that address the root causes of this economic downturn.  This could include incentivizing businesses to create more high-paying jobs, expanding access to affordable housing, and providing resources for job training and retraining initiatives. A focus on strengthening the middle class can drive economic growth and ensure a more stable future for generations to come.  While the issue	"Artykuł z 2014 roku analizuje twierdzenie Jasona Cartera, kandydata Demokratów na gubernatora Georgii, który w kampanijnej reklamie stwierdził, że przez ostatnie 10 lat dochód klasy średniej w Georgii spadł o 6 500 dolarów. Carter opierał się na danych Biura Spisu Ludności USA (U.S. Census Bureau), które rzeczywiście pokazują spadek mediany dochodu gospodarstw domowych w Georgii (po uwzględnieniu inflacji) o 6 682 dolary – z 54 803 dolarów w 2002 r. do 48 121 dolarów w 2012 r.

W 2013 r. medianowy dochód spadł jeszcze bardziej – do 47 829 dolarów, co plasowało Georgię na 34. miejscu wśród wszystkich stanów. Dla porównania, w tym samym czasie dochód mediany w całym kraju wynosił 52 250 dolarów. Choć obszar metropolitalny Atlanty miał wyższy dochód niż średnia krajowa, dochody zarówno w stanie, jak i w regionie spadły od czasu zakończenia recesji.

Ekspert z Georgia Budget & Policy Institute podkreślił, że wzrost gospodarczy nie przekłada się na wzrost dochodów rodzin, które wciąż zmagają się ze skutkami Wielkiej Recesji. Artykuł kończy się oceną serwisu PolitiFact Georgia, który uznał twierdzenie Cartera za prawdziwe."	1	1	1	0	2				0	"https://www.politifact.com/factchecks/2014/sep/29/jason-carter/carter-claim-about-median-household-income-target/

Wygenerowany artykuł jest ogólny i nie zawiera żadnych dodatkowych informacji pomagających w klasyfikacji."	census,income	jason-carter	State Senator	Georgia	democrat	1	0	2	1	0	television ad	negative	not_question	1	2,86	non-curse	neutral	clean	non-offensive	LEFT	[0.018554842099547386, 0.11924038827419281, 0.09577672928571701, 0.22321461141109467, 0.2579391598701477, 0.28527429699897766]	[0.002928260015323758, 0.04790768772363663, 0.06337769329547882, 0.24655981361865997, 0.392388254404068, 0.24683834612369537]	0,111938283425776
