json_id,statement,subject,speaker,job_title,state,party_affiliation,barely_true_counts,false_counts,half_true_counts,mostly_true_counts,pants_on_fire_counts,context,justification,sentiment,question,grammar_errors,ratio_of_capital_letters,curse,emotion,gibberish,offensiveness,political_bias,articles,SM_pred,SMA_pred,SM_prob,SMA_prob,label_num,SM_highest_prob,SMA_highest_prob,SM_prob_entropy,SMA_prob_entropy,sort_key
11832.json,Youve been tremendously deceived by people who say the Earth is not flat.,"corrections-and-updates,science,space",bob,Hip hop artist,,none,0,0,0,0,1,in a Jan. 25 tweet,"said, ""You've been tremendously deceived"" by people who say the Earth is not flat. The worlds scientists have gathered proof that the Earth is round for centuries. Now that were in an age where we can view the Earth from space, we can say with certainty that our planet is spherical. Even without a spaceship, we can see the effects of a round Earth by watching a ship on the horizon or looking out of an airplane window on a clear day. Correction: Ferdinand Magellan wasPortuguese, not Spanish.",negative,not_question,1,2.74,non-curse,disgust,clean,non-offensive,RIGHT,"It's been disheartening to see how easily people fall prey to misinformation and conspiracy theories in the last few years. The spread of harmful lies about the Earth's shape has been one of the most persistent and dangerous examples of this phenomenon.  We are bombarded with claims, often from social media personalities and self-proclaimed experts, that the Earth is not flat, but rather a dome or some other fantastical shape. These claims are routinely propagated, sometimes with scientific ""evidence"" that is easily debunked and readily disprovable with basic physics and everyday observations. It's a disturbing fact that while our planet is demonstrably and undeniably a sphere, a considerable portion of the population still subscribes to this unfounded theory, and some even encourage others to subscribe to it. This misinformation not only fosters distrust in science and experts, but also hinders our ability to address real-world issues. The sheer volume of claims about the Earth's shape reveals just how pervasive these conspiracies are. Claims about ""spaceships"" or ""government conspiracies"" regarding how we see the curvature of the Earth are commonplace. Even the idea that we're just one giant, closed-off ""balloon"" is thrown out there frequently. All of these are simply a",5,0,"[0.03943636640906334, 0.1476314514875412, 0.11399886757135391, 0.19270764291286469, 0.19197793304920197, 0.3142477869987488]","[0.5392356514930725, 0.24757228791713715, 0.10636840760707855, 0.06005675718188286, 0.023041751235723495, 0.023725148290395737]",0,0.3142477869987488,0.5392356514930725,2.3882230792778847,1.8200446680236844,0.16945361015252658
631.json,"Barack Obama ""rejects everyone white, including his mother and his grandparents.""",candidates-biography,jerome-corsi,author,New Jersey,constitution-party,0,2,0,0,1,his book <i>The Obama Nation</i>. ,"Crist said in a blog attacking Scott, ""Florida is ranked 2nd in the nation in long-term unemployment. ""An analysis by the Economic Policy Institute ranked Florida second, with New Jersey and the District of Columbia ahead. But there is a significant margin of error to these numbers, and its difficult to pinpoint each states ranking. Other economists used other measures to come up with a different ranking for Florida. Also, while governors can play a role in developing jobs, the pace of Floridas recovery cant be pinned on Scott.",negative,not_question,0,2.47,non-curse,disgust,clean,non-offensive,RIGHT,"This is a demonstrably false and harmful rumor circulating online. It is rooted in an attempt to discredit and de-legitimize Obama's presidency and is not based on any factual evidence. Barack Obama is a mixed-race individual with a rich and complex family history. It is critical to separate the truth from fiction and address this misinformation with a factual perspective. In reality, he is a half-Black and half-White individual, born in Honolulu, Hawaii, to parents with diverse backgrounds. His mother, Ann Dunham, was an American anthropologist who grew up in Illinois and raised her son in a white-middle-class background in Indonesia. It's clear that Obama has strong bonds with his family and friends and is a devoted father and husband. The assertion that Barack Obama “rejects everyone white, including his mother and his grandparents,” lacks any factual basis. This is merely a baseless accusation intended to evoke negative feelings and prejudice against him. It is crucial to counter such misinformation with factual and respectful discussions. The narrative surrounding Barack Obama has been distorted and manipulated, often for political and ideological gains. His family history is a testament to the complexities of racial identity in America, and it is important to approach it with a nuanced and",5,0,"[0.028657756745815277, 0.1551208347082138, 0.10070926696062088, 0.21421915292739868, 0.18809781968593597, 0.3131951093673706]","[0.505738377571106, 0.2844637632369995, 0.09693224728107452, 0.05797682702541351, 0.02315964549779892, 0.03172914683818817]",0,0.3131951093673706,0.505738377571106,2.351573415342088,1.8616475166104256,0.1583947864746591
13214.json,The worlds 62 richest people own the same wealth as the 3.6 billion poorest.,poverty,oxfam-america,,,none,0,0,0,1,0,a tweet,"Data on federal expenditures from the National Science Foundation show that as a percentage of the gross domestic product, spending has dropped by 62 percent since 1964.",neutral,not_question,0,1.32,non-curse,neutral,mild gibberish,non-offensive,RIGHT,"The disparity between the super-rich and the rest of humanity is becoming increasingly stark. Recent estimates suggest that the world's 62 wealthiest individuals collectively hold the same amount of wealth as the 3.6 billion poorest people. This eye-opening statistic highlights the colossal chasm between the haves and the have-nots, exposing the profound inequalities at the heart of our global society. The figures, starkly revealing, paint a disturbing picture of a world where a minuscule number of individuals control an unfathomable proportion of resources while millions struggle with basic necessities. The juxtaposition of this stark reality is both shocking and sobering. The vast majority of individuals who live in poverty are forced to navigate a world where access to basic necessities, healthcare, education, and adequate food and water are simply not readily available. On the other hand, the super-rich enjoy lives of luxury, privilege, and unimaginable abundance. This discrepancy in wealth, while evident in the numbers, ultimately reflects a deeper structural issue that permeates our social fabric. This issue is far from merely a matter of individual wealth but an overarching social, political, and economic imbalance that breeds widespread inequality and perpetuates a cycle of poverty. Addressing this issue requires a multifaceted approach. We need to pursue",5,4,"[0.012699197977781296, 0.11187495291233063, 0.07008471339941025, 0.18626680970191956, 0.23571352660655975, 0.3833608329296112]","[0.0016170920571312308, 0.05265302583575249, 0.02373971976339817, 0.12681421637535095, 0.4106597602367401, 0.3845161497592926]",4,0.3833608329296112,0.4106597602367401,2.1756075379700444,1.8020325327291251,0.15743086773503112
2494.json,Says the Feingold garage ad is a fake: Hes not standing in front of his house.,"job-accomplishments,message-machine",mark-belling,Talk show host for WISN-AM,Wisconsin,talk-show-host,0,0,0,0,1,a website posting and statement during his radio show,"Obama wasnt talking about the deficit or the debt when he said, ""If I don't have this done in three years, then there's going to be a one-term proposition. The ad takes Obamas comments from an interview about bank bailouts and TARP and makes it look as if hes talking about the national debt. The use of the debt clock also purposely detracts from the presidents initial statement about the federal deficit.",negative,not_question,1,3.85,non-curse,neutral,clean,non-offensive,CENTER,"The Feingold garage advertisement that has been generating controversy across social media platforms is being widely disputed. Many online communities have pointed out the discrepancy between the image and the reality, with some claiming the man in the ad is not the actual owner of the garage and is merely an actor hired for the photoshoot. Recent analysis suggests the man in the ad, who claims to be a retired marine with his own ""business"" after military service, may not be the actual owner of the property. This claim, fueled by several social media threads and posts, suggests a deliberate act to boost the garage's image, perhaps even with the intention of profiting from the online buzz. Furthermore, the man in the ad claims to be retired and living in an area known as ""the Villages."" ""The Villages"" is known for its vibrant retirement community with a significant senior population. Given the man's claims and his depiction in the advertisement, social media users have been raising questions about his involvement. Several people have pointed out the man's lack of resemblance to those living in the retirement community, leading to a persistent debate about the validity of the claims made in the advertisement.  The man in the ad is allegedly working as a ""private consultant"" for",5,0,"[0.047014422714710236, 0.18442456424236298, 0.13191846013069153, 0.18069970607757568, 0.15754301846027374, 0.29839983582496643]","[0.5269408226013184, 0.2414216548204422, 0.11880850046873093, 0.06231090426445007, 0.024838680401444435, 0.02567943185567856]",0,0.2983998358249664,0.5269408226013184,2.4293427036323667,1.8647903939273633,0.15723905495370613
6513.json,"The Obama administration leaked information, deliberately or otherwise, that led to the identification of the Pakistani doctor that helped us in achieving our goals and killing bin Laden.","foreign-policy,message-machine-2012,military,terrorism",special-operations-opsec-education-fund,,,none,1,1,1,0,0,a web video,"The Special Operations - OPSEC Education Fund said, ""This administration leaked information, deliberately or otherwise, that led to the identification of the Pakistani doctor that helped us in achieving our goals and killing bin Laden. ""The bin Laden raid triggered the ISI investigation, not anything said by U. S.  officials. In fact, the CIA had urged the doctor to leave the country and when Pakistan provided the name of the doctor, US officials tried to prevent it being published.",neutral,not_question,0,2.14,non-curse,anger,clean,non-offensive,RIGHT,"The recent revelation regarding the identity of the Pakistani doctor, accused of aiding Osama bin Laden and later implicated in his death, has ignited a heated debate. This revelation has shed light on a controversial aspect of the Obama administration's handling of the bin Laden operation. Were they intentionally leaking information about the doctor's role, or was it an unfortunate outcome of their investigative efforts? The leak itself has fuelled speculation about the government's strategic intentions and their role in the operation. Some believe the administration intentionally provided details about the doctor to destabilize the Pakistani government and to possibly create a political climate favorable for a crackdown on those believed to be aiding bin Laden.  Others argue that the leak was unintentional, a consequence of loose communication and hasty actions during the operation.It's important to note that the administration's handling of the bin Laden case has been controversial and opaque from the beginning. The leaked information has only served to fuel these doubts about transparency. The government has acknowledged the leak but has yet to offer a full explanation for it. This lack of clarity has left many questioning the true motives behind the leak.  Furthermore, the leak has resurrected concerns regarding the safety and stability of the Pakistani doctor's family and their wellbeing. There is a",5,1,"[0.009054992347955704, 0.21919459104537964, 0.09200406819581985, 0.18754510581493378, 0.12107224017381668, 0.37112900614738464]","[0.12751534581184387, 0.4003489017486572, 0.2095784991979599, 0.14891237020492554, 0.0549272820353508, 0.058717597275972366]",1,0.3711290061473846,0.4003489017486572,2.2104972310273676,2.2593254217398058,0.14858109001817607
7806.json,A referendum gives the people the chance to decide on cutting the Milwaukee County Board budget by two-thirds,"county-budget,county-government",leah-vukmir,Member of state Assembly,Wisconsin,republican,0,2,0,1,0,a news release,"ODonnell said Chris Christie ""helped funnel $6 million in federal Hurricane Sandy money to a senior center in Belleville, N. J. , a place that suffered no damage. ""ODonnell is right that Christie helped steer $6 million in Sandy money to a senior center. And hes right that Bellevillefared much better than other places in New Jersey, though to say ""no damage"" is an exaggeration.",neutral,not_question,0,3.67,non-curse,joy,clean,non-offensive,CENTER,"The people of Milwaukee County will soon have the chance to directly impact the budget of the County Board by voting on a referendum that could drastically reduce it by two-thirds. This controversial proposition, designed to address concerns about exorbitant spending and alleged mismanagement, has generated considerable debate both for and against its potential effects. Proponents of the referendum argue that the County Board's spending habits have become unsustainable and that significant cuts are necessary to restore financial health. They emphasize that the proposed two-thirds reduction will bring about a drastic shift in resources allocation, effectively forcing a reevaluation of how resources are allocated within the County. Opponents of the referendum view the drastic reduction as an irresponsible and potentially harmful measure that could cripple essential services and economic development initiatives. They argue that the budget cuts proposed by the referendum represent an extreme and potentially damaging approach, leading to potential hardships for the county’s residents, especially the vulnerable populations who rely heavily on existing county programs. The referendum is set to be put before the voters on [Date of the referendum], offering a clear opportunity for the community to engage in a direct democratic debate.  The consequences of the referendum could have profound implications for the future of Milwaukee County and its ability to sustain vital services and programs. The decision will not",5,1,"[0.02474309131503105, 0.13101699948310852, 0.06030254811048508, 0.17246957123279572, 0.21353764832019806, 0.3979300856590271]","[0.10805098712444305, 0.3577888011932373, 0.1480792611837387, 0.17375972867012024, 0.12089403718709946, 0.09142717719078064]",1,0.3979300856590271,0.3577888011932373,2.2025051255234978,2.4082028201765446,0.14237492830666554
1497.json,"In this judicial race, special interest groups have demanded money from me, in exchange for endorsement and support.","elections,ethics",eve-schatelowitz-alcantar,Attorney,Texas,democrat,0,1,0,0,0,a response to League of Women Voters of Texas.,"Gingrich, as a presidential candidate in 2011, declared, ""I never favored cap and trade. He told Frontline a cap and trade system combined with tax incentives is ""something I would strongly support,"" and even took a hindsight-is-20/20 stance, saying the country ""would be much better off"" if cap and trade had been instituted.",neutral,not_question,0,0.86,non-curse,anger,clean,non-offensive,RIGHT,"It's been a grueling campaign season, and the air is thick with accusations, misinformation, and a relentless barrage of fundraising appeals. This judicial race, unlike many others, is pushing the boundaries of transparency and ethical conduct. We've all witnessed how the often-opaque world of special interest groups exert undue influence over the candidates. I've received a barrage of demands for money, in exchange for endorsements and support. The question arises: what exactly is this campaign about? Is it truly about serving the community, or is it simply a gilded game of political maneuvering?While I can't divulge specifics about the demands, they were clear. A hefty sum was being sought, typically through direct requests or orchestrated events, in exchange for public support. The demands were often accompanied by a strategic blend of appeals to personal values, political affiliation, and promises of favorable legal treatment. However, the strategy felt disingenuous at best. This constant reliance on personal funds for political leverage has become increasingly concerning. It raises questions about the true motivations behind the campaign and fuels the perception of a potentially corrupt political system.My commitment to the community remains firm. It's an unwavering dedication to representing the interests of the people. My role as a candidate shouldn'",5,1,"[0.009671947918832302, 0.19129659235477448, 0.07278387993574142, 0.15375402569770813, 0.14026211202144623, 0.43223145604133606]","[0.07447082549333572, 0.32862937450408936, 0.2164396345615387, 0.1723662167787552, 0.09939990937709808, 0.10869398713111877]",1,0.432231456041336,0.3286293745040893,2.1321860067321396,2.4008116616168054,0.142043953039856
7164.json,Agriculture is the strongest industry in Ohio.,"agriculture,economy",john-kasich,"Governor of Ohio as of Jan. 10, 2011",Ohio,republican,9,8,10,18,3,a speech to the Ohio Farm Bureau,"By the official definition, Hovde is off. On the other hand, its clear that Thompson has sold his influence and connections to firms to whom it would benefit on Capitol Hill, but did so in a way -- as a consultant -- to avoid having to register.",positive,not_question,0,4.35,non-curse,neutral,clean,non-offensive,RIGHT,"Ohio has a vibrant agricultural industry, driving the state's economy and providing a lifeline for countless families.  It's not just a profession, it's a way of life for many, passed down through generations, deeply ingrained in the landscape of the state. The resilience and dedication of Ohio's farmers are unparalleled. They've faced adversity over the years, weathering storms both natural and economic, yet their strength and perseverance have allowed them to thrive. Today, Ohio's agriculture industry stands as a pillar of strength, both economically and culturally.Ohio's agricultural industry boasts a multitude of sectors, from sprawling dairy farms to family-owned orchards.  These varied enterprises contribute significantly to the state's GDP and support thousands of families.  Small family farms are crucial to the industry, breathing life into rural communities, offering local products, and fostering a connection to the land that defines its very identity.  The diverse range of agricultural products produced in Ohio, ranging from soybeans and corn to dairy, apples, and pears, caters to a vast market and drives national and international trade.  This intricate network of interconnected farms, food processors, and retailers ensures a constant flow of fresh produce and value-added goods, contributing significantly to the local and national economy",3,5,"[0.016709696501493454, 0.09156140685081482, 0.12782399356365204, 0.3359326720237732, 0.1972334086894989, 0.2307388335466385]","[0.019044233486056328, 0.13669584691524506, 0.044718414545059204, 0.1351541131734848, 0.24859188497066498, 0.41579556465148926]",5,0.3359326720237732,0.4157955646514892,2.272566349011464,2.1176110944789834,0.1396793150490083
2105.json,On debating.,elections,rick-perry,Governor,Texas,republican,30,30,42,23,18,a press release,"In 2002, Perry pushed Sanchez to release his complete income tax returns for the years he was on the UT board of regents and on the Parks and Wildlife Commission, but never made it a condition to debate. Indeed, Perry not only debated him twice, but goaded him to participate in 12 debates. To date, Perry has refused to debate White until he releases all of his income tax returns for the years he served the Clinton administration in Washington and the state Democratic party chairman. We didn't hear back from the Perry campaign when we asked whether he has ever set a precondition on a debate before.",neutral,not_question,0,8.33,non-curse,disgust,word salad,non-offensive,RIGHT,"Debate is an art that's woven into the very fabric of our society. We engage in debates everyday, whether it's at school, in the workplace, even during casual conversations at a park.  But in today's world, it seems like the art of debating is fading away, replaced by social media echo chambers and personal attacks. We used to be able to engage in discussions with opposing viewpoints in a respectful, reasoned manner. It felt like an act of self-improvement and intellectual growth. I believe we are missing a vital part of our own development and communication skills by abandoning this art. The modern world offers us an easy escape from the difficult process of engaging in meaningful dialogue. Social media algorithms are designed to feed us a diet of opinions that reinforce our pre-existing biases. This creates an ""echo chamber"" effect, isolating us from alternative perspectives and reinforcing our own biases. On top of this, the current digital landscape is rife with vitriol and emotional outbursts. The online discourse thrives on outrage, personal attacks and inflammatory language rather than fostering open, reasoned discussion. This has unfortunately led to a dramatic decline in civil discourse.  The fear of online bullying or being ostracized from online communities often serves as a powerful deterrent to",3,1,"[0.021754009649157524, 0.27068474888801575, 0.09400132298469543, 0.29766976833343506, 0.10013353079557419, 0.2157566398382187]","[0.12003032118082047, 0.4578380286693573, 0.11125998198986053, 0.13636234402656555, 0.06769009679555893, 0.1068192794919014]",1,0.297669768333435,0.4578380286693573,2.2813200442491786,2.2352331447793743,0.13628453992824416
992.json,Venezuela is a country whose defense budget is probably 1/600th of the United States.,military,barack-obama,President,Illinois,democrat,70,71,160,163,9,a news conference.,"As for the other figures, the percent increase from 2010 is slightly more than 32 percent, and drug overdose deaths in 2014 that were associated with heroin is about 42 percent. But as IDPH notes, tracking overdose deaths involving heroin cannot be reliably determined as counties coroners did not specifically test for heroin prior to 2013. We dont see these discrepancies as an attempt to mislead in making his case for heroin and prescription opioid addiction treatment legislation he is advocating. If anything, it underscores the growing epidemic thats not only gripping Illinois, but the rest of the country.",neutral,not_question,0,3.53,non-curse,neutral,clean,non-offensive,LEFT,"The South American nation of Venezuela boasts a significantly smaller military budget compared to its American counterpart, making it a stark example of the disparity in global defense spending. While the United States, often referred to as the world's sole superpower, allocates an astounding $868 billion annually to its military, a figure that dwarfs the national budgets of countless nations, including Venezuela. Venezuela's defense budget is estimated to be less than 1/600th of the United States' budget, reflecting the vastly different geopolitical priorities and economic situations of the two nations. Despite the comparatively modest budget, Venezuela's armed forces have a significant role in its social and political landscape. The nation heavily emphasizes internal security and the safeguarding of its vast oil reserves, prioritizing domestic security concerns. This focus on domestic security and the military's vital role in safeguarding national resources is often attributed to the country's history of political instability and social unrest. However, the low defense spending doesn't necessarily translate to a lack of military effectiveness. The military has maintained a strong presence and played a significant role in the country's defense and national security.  In the realm of international relations, however, Venezuela's low defense spending becomes a potent diplomatic tool. It",3,4,"[0.003474648343399167, 0.08378900587558746, 0.03473709523677826, 0.3104743957519531, 0.3030916452407837, 0.26443323493003845]","[0.0008785732206888497, 0.06088494881987572, 0.02908208966255188, 0.18393509089946747, 0.43653324246406555, 0.28868603706359863]",4,0.3104743957519531,0.4365332424640655,2.0498308678299164,1.891961217979146,0.13553239467967157
5095.json,Says President Barack Obama is a socialist.,"government-regulation,new-hampshire-2012,patriotism",rick-perry,Governor,Texas,republican,30,30,42,23,18,a Republican debate in New Hampshire.,"We find Obama and Rubios overall experience to be roughly equivalent. Rubio would have an edge in political experience, although his time as a part-time city commissioner for a town of less than 6,000 people isnt as rigorous as holding statewide office. Obamas term as a senator came to a close sooner than Rubios would, due to the timing of the elections. But real-life experience outside the bubble of politics counts for something, too. Obama worked for years doing several different jobs, while Rubio spent some time as a lawyer. The time frame has something to do with it -- Obama was 47 when he became president, while Rubio would be 45 if he won electionin November 2016.",neutral,not_question,0,9.3,non-curse,neutral,mild gibberish,offensive,CENTER,"The recent surge in accusations against President Barack Obama, labeling him a socialist, has garnered significant attention and ignited debate among the political sphere.  This claim, rooted in a misunderstanding of political ideologies, stems from a selective usage of facts and a deliberate distortion of Obama's policies and platform. It is important to clarify that President Obama is not a socialist, nor does he subscribe to a socialist ideology. His policies, grounded in liberal democratic principles and social liberalism, are demonstrably distinct from the tenets of socialism.  He embraces a blend of capitalism, social safety nets, and democratic values, which have propelled his economic reforms and social progress over his presidency.  The President's administration actively promotes a robust free market while also fostering a universal healthcare system, expanding educational opportunities, and ensuring social security benefits for the elderly and the disabled.  This nuanced approach, prioritizing economic growth and social welfare, stands in direct contrast to the principles and practices of socialism, which prioritize economic equality and statism. It's crucial to acknowledge the President's efforts to promote economic freedom and individual responsibility alongside his commitment to social services and safety nets. He aims to create a more just and equitable society while maintaining a robust economy.  These efforts, though sometimes controversial, are not consistent",3,0,"[0.12987540662288666, 0.16870585083961487, 0.15950456261634827, 0.2670690417289734, 0.0958981066942215, 0.17894698679447174]","[0.4953508973121643, 0.25636744499206543, 0.1186460480093956, 0.07900866866111755, 0.025684904307127, 0.024941958487033844]",0,0.2670690417289734,0.4953508973121643,2.515285399585398,1.9281595422488995,0.13229288946474682
9854.json,"Thomas Jefferson said, That government is best which governs the least, because its people discipline themselves.",elections,jody-hice,,,republican,0,1,0,0,0,a Facebook post,,neutral,not_question,0,2.65,non-curse,neutral,clean,non-offensive,RIGHT,"The idea that government should govern the least has been debated for decades, a testament to the ever-present tension between individual freedom and collective responsibilities. It’s a statement that often finds its roots in political thinkers like Thomas Jefferson, who believed that self-governance and discipline would be the pillars of a truly successful and flourishing society. Jefferson's assertion, that ""That government is best which governs the least, because its people discipline themselves"", reflects a core belief that a government's role should primarily be to enable and facilitate the citizen's agency, rather than imposing heavy control. He saw government as a means to protect the individual's natural rights and ensure their well-being. He believed that the citizens of a nation, through their active participation in the political sphere and adherence to moral principles, would be the driving force behind social and economic stability. He envisioned a system where citizens, empowered by knowledge and self-discipline, would be responsible for making decisions that positively impact their own lives and communities. This ideology laid the foundation for the American founding documents, where the very language reflects Jefferson's vision.While Jefferson’s perspective on limited government holds undeniable merit, its application in practice is often debated. His philosophy echoes the principles of self-",5,1,"[0.020192252472043037, 0.17646774649620056, 0.10213249921798706, 0.1976202130317688, 0.19112227857112885, 0.31246501207351685]","[0.11994244158267975, 0.4138794541358948, 0.1297641098499298, 0.13281884789466858, 0.09113848954439163, 0.11245673894882202]",1,0.3124650120735168,0.4138794541358948,2.334419299275952,2.332328696807723,0.1293228486335529
11443.json,I did not play any role in bringing the company to RI as did others in government. I was tasked with handling the legislation affecting the company by my superiors.,"bankruptcy,debt",steven-costantino,House Finance Chairman ,Rhode Island,democrat,0,1,0,1,0,a statement,"In his defense, Costantino issued a statement in which he said: ""I did not play any role in bringing the company to RI as did others in government. I was tasked with handling the legislation affecting the company by my superiors. ""In other words: Dont blame me, I was just doing my job. But the records and comments of people involved illustrate that Costantino played a key part in Rhode Island's courtship of 38 Studios. The legislation he helped pass, offering valuable loan guarantees, was his idea, according to one former EDC official. During the process, Costantino shielded his idea from the type of full political scrutiny that might have killed it. He did this by not naming 38 Studios on the House floor when he was asked who was pushing for the loan-guarantee program. When the deal was done, the CEO of Schilling's company thanked all members of the General Assembly and singled out five elected officials by name, including the former House Finance Committee chairman. Costantino played a pivotal role in creating the 38 Studios mess. In some ways, the record shows he bears as much responsibility as the other elected government officials who ""tasked"" him.",neutral,not_question,0,2.44,non-curse,neutral,mild gibberish,non-offensive,RIGHT,"My job as a journalist isn't all glamorous interviews and reporting on world events. Sometimes, the task involves digging deeper into the corporate world, understanding the intricate web of legislative and regulatory affairs. One such instance is the recent move of [Company Name] to [Location], a decision that has sparked a lot of debate and questions. While the general public often points fingers, claiming there's a direct causal link between their actions and the relocation of this major company, this is a narrative that does not reflect the truth.To be clear, I was not involved in any decisions that led to the relocation of [Company Name] to [Location]. It's important to understand that this decision was made by those at the top of the company. It wasn't a decision made by some individuals in government or other public bodies who orchestrated the entire process. There are allegations that certain individuals in government are directly responsible for the move. These allegations are completely false. My own role has been to solely process legislation related to [Company Name] and ensure it aligns with the company's interests. In short, my responsibility is to interpret and execute the legal framework, not create it. My job is focused on ensuring the company can operate smoothly within the regulatory landscape",5,1,"[0.020211799070239067, 0.1877070516347885, 0.08821050077676773, 0.18706955015659332, 0.18095985054969788, 0.3358412981033325]","[0.21373891830444336, 0.37936392426490784, 0.13591013848781586, 0.11075420677661896, 0.06697869300842285, 0.09325411170721054]",1,0.3358412981033325,0.3793639242649078,2.303137169845842,2.329607775172122,0.12740607277870095
8961.json,"Chained CPI would save $1 trillion in the second decade off the federal budget debt, a report shows.","economy,federal-budget,medicare,social-security",david-brooks,,,none,0,0,2,0,0,"comments on NBC's ""Meet the Press""","As the Fox News video showed, there is at least one person receiving those federal benefits who bought lobster. The man did say he does so if its on sale. From what weve seen, there are few people buying such high-end items. But it is possible, just as Morris said.",positive,not_question,0,4.0,non-curse,neutral,mild gibberish,non-offensive,CENTER,"According to a recent report from the Center on Budget and Policy Priorities, the implementation of a chained CPI would save the federal budget debt an unprecedented $1 trillion in the second decade off its existence. This significant savings could be attributed to the way chained CPI reflects the true cost of healthcare and other essential services for consumers. It's believed that the program would also lead to an increase in federal savings by increasing the retirement age and incentivizing more efficient government service provision.The report also revealed that chained CPI is a proven solution that has demonstrated its effectiveness in slowing the growth of government debt over the past few years. This mechanism has successfully implemented its benefits, and despite criticism from some political groups, it continues to receive wide support from across political spectrum. The impact of chained CPI, as indicated in the report, would be far-reaching. This proposed change promises to bring about a substantial reduction in the federal budget debt and open the door to improved financial stability. Implementing chained CPI could significantly improve federal retirement age and incentivize more efficient government services. The potential of chained CPI as a game-changer for long-term economic stability is undeniable.Although the implementation of chained CPI presents challenges in terms of political debate and logistical considerations, the potential benefits for the long-",5,3,"[0.03743084892630577, 0.14662505686283112, 0.10277948528528214, 0.22010764479637146, 0.1451239436864853, 0.34793296456336975]","[0.026812734082341194, 0.1776202768087387, 0.17517417669296265, 0.3661021888256073, 0.17450186610221863, 0.0797886773943901]",3,0.3479329645633697,0.3661021888256073,2.335605494507865,2.2843451782122566,0.1273790198912321
6665.json,Mitt Romney said it was tragic to end the war in Iraq.,iraq,barack-obama,President,Illinois,democrat,70,71,160,163,9,"a speech at the Democratic National Convention in Charlotte, N.C.","Beyer said, ""We have trade agreements with 20 countries, and we have trade surpluses with each one of those 20. ""Data show the U. S.  is running trade deficits with seven of those trade-agreement nations through the first nine months of this year and ran deficits with six of those countries in 2015.",negative,not_question,0,5.56,non-curse,sadness,clean,non-offensive,RIGHT,"The former Massachusetts Governor and current Republican presidential candidate, Mitt Romney, has emerged as a vocal critic of President Obama's decision to end the combat mission in Iraq. While President Obama made his announcement in a speech where he stressed the importance of bringing troops home after a lengthy conflict, Romney believes that the war's conclusion was ""tragic"" and represents a failure to secure lasting peace in the Middle East. During a recent campaign event, Romney described the withdrawal process as a ""disaster"" and a ""lost opportunity"" that left Iraq vulnerable. Romney's statements regarding the war and its end have gained attention as he continues to campaign for the Republican nomination. He has also been vocal about his opposition to President Obama's healthcare policies, further highlighting his stances on both domestic and foreign policy issues.Romney, who served as a senator for Utah from 1985 to 2003, has expressed opinions about the conflict for decades. His stances on the war in Iraq have been a constant source of debate. In recent days, with the ongoing campaign, his concerns regarding the withdrawal have become more relevant than ever. As he continues to campaign for the Republican nomination, his focus on this issue and other foreign policy stances further underscores his determination to shape",5,3,"[0.008119639940559864, 0.05539634823799133, 0.06289200484752655, 0.22268356382846832, 0.2634952664375305, 0.3874131143093109]","[0.007274244911968708, 0.11331719905138016, 0.09441439062356949, 0.32824400067329407, 0.23595422506332397, 0.22079595923423767]",3,0.3874131143093109,0.328244000673294,2.0581620800428415,2.2294227439002294,0.12716603055418838
7135.json,"If you and I fail to defund ObamaCare now, some 16,000 new IRS agents will be begin prying into our private medical records, eyeing each and every one of our treatments and prescriptions for violations.","health-care,retirement",association-mature-american-citizens,,"Washington, D.C. ",organization,0,0,0,0,1,a direct mail letter,"""There are not going to be any discussions about health coverage with an IRS employee. """"The role of the IRS is going to be, again, the tax portions of this,"" he said, ""not the health portions of this. ""Our Ruling    Dan Weber, president of the Association of Mature American Citizens, said in a widely circulated letter that under the federal health overhaul, 16,000 new IRS agents will be ""prying into our private medical records. ""Webers letter recycled arguments that have been repeatedly found to be untrue -- and added a new and equally untrue element.",negative,not_question,3,3.47,non-curse,neutral,clean,non-offensive,RIGHT,"There's a growing debate over the future of ObamaCare, and what this political battle ultimately means for Americans' healthcare. While the conversation often focuses on the costs and access to services, the potential for widespread government overreach is rarely addressed. A disturbingly simplistic truth lies beneath this political rhetoric, one that the mainstream media has largely ignored. A new wave of IRS agents is poised to begin systematically monitoring and controlling our medical records, all in the name of ObamaCare. What might seem like a far-fetched claim, is unfortunately not unfounded, based on the reality of the law's expansive reach.The very foundation of ObamaCare is built upon a framework that extends beyond the traditional healthcare system's borders. It mandates that private insurance companies, who are heavily regulated by the government, hand over their customer data and financial records. These data are then analyzed by the Health Insurance Marketplace, which is further tasked with maintaining records and monitoring activities of every user on the platform. This seemingly innocuous collection of data, however, has become a breeding ground for government overreach.Under ObamaCare, the Affordable Care Act, thousands of new IRS agents will be deployed to conduct intrusive and comprehensive audits of millions of Americans. This will be an unprecedented expansion of the government",5,0,"[0.03959501162171364, 0.19731789827346802, 0.12831604480743408, 0.17863458395004272, 0.16406086087226868, 0.29207557439804077]","[0.4277726411819458, 0.21158961951732635, 0.22565442323684692, 0.09347140043973923, 0.03032274916768074, 0.011189150623977184]",0,0.2920755743980407,0.4277726411819458,2.416875883672089,2.027887569917492,0.12494193988498378
11545.json,Over half of the black workers in this country earn less than $15 an hour.,"diversity,economy,jobs",bernie-s,U.S. Senator,Vermont,independent,18,12,22,41,0,"a Democratic presidential candidates' forum in Rock Hill, S.C.","Sanders said that ""over half of the black workers in this country earn less"" than $15 an hour. Depending on the time frame used, the data shows that roughly half of black workers earn less than $15. The most recent data shows that half earn less than $15. 60, which is a little higher than what Sanders said, but his number is not far off.",negative,not_question,0,1.35,non-curse,neutral,clean,non-offensive,RIGHT,"New research has shed light on the stark realities of income inequality within the Black community. A troubling finding reveals that over half of Black workers across the country are currently earning less than $15 an hour. This grim reality paints a bleak picture for the future of the American workforce, particularly for those of color, and reveals the systemic issues that have been ignored for decades. The data, compiled from various sources including the US Bureau of Labor Statistics, highlights the widespread underemployment that persists within the Black community.  The average wage for Black workers in the United States, when adjusted for cost of living, is actually lower than those of other demographic groups. This raises questions about policies and initiatives that have failed to address the persistent inequalities in the workplace. The situation is further compounded by the lack of opportunities for career advancement and training within the communities of color. This lack of opportunities leaves many Black workers trapped in low-paying jobs with limited prospects for upward mobility. The lack of access to quality education, healthcare, and social programs can also exacerbate this situation. These systemic issues, coupled with persistent wage gaps, illustrate the ongoing challenges for Black communities in achieving financial stability. While the issue of low wages among Black workers is not new, the current research underscores the urgency to take action and",5,4,"[0.005610354244709015, 0.06225460395216942, 0.06552935391664505, 0.2280530035495758, 0.31762731075286865, 0.32092535495758057]","[0.001767307985574007, 0.061121899634599686, 0.05184706300497055, 0.21731272339820862, 0.388847678899765, 0.2791033685207367]",4,0.3209253549575805,0.388847678899765,2.0870656224712447,2.006293515865279,0.12479107937533837
4134.json,"Your tax dollars are not being used to sue you, the people.",redistricting,alan-hays,state senator,Florida,republican,2,1,0,0,0,a public hearing about redistricting,"The Secretary of State is the defendant because the office is charged with implementing the amendment. (Brown and Diaz-Balart are using legal defense funds -- not tax dollars -- to pay for the lawsuits, said David Simon, spokesman for Brown. )Hays told a group of residents concerned about redistricting, ""Your tax dollars are not being used to sue you the people who voted the 63 percent. ""But tax dollars are being used by the House to try to strike down Amendment 6, as well as by the Secretary of State to defend the amendment in court.",negative,not_question,0,1.69,non-curse,anger,clean,non-offensive,RIGHT,"It’s becoming increasingly clear that the government, at every level, from federal to state and local, is intent on using taxpayer dollars to take legal action against innocent citizens. This is a tactic gaining momentum, and it needs to be stopped. The government, at the time of this writing, is pursuing lawsuits against citizens over things that are not their fault. These lawsuits often involve seemingly innocuous actions, like a small business owner selling their product, or a homeowner making their property improvements. These actions, seemingly harmless in themselves, are being attacked by the government, often through massive lawsuits that can drag on for years. The burden of proof falls entirely on the individual, a burden that is unreasonable and unfair. And most importantly, it sets a dangerous precedent, one where the government is acting like a bully who attempts to intimidate and silence citizens who simply wish to live their lives. Taxpayers’ money is meant to be spent on things that benefit the people, things that create positive change. Instead, we’re seeing the government misuse our hard-earned money for its own purposes, by engaging in aggressive legal action against those who are simply trying to follow the law and live their lives. This behavior is a direct attack on the citizens' fundamental rights. We are",5,1,"[0.010695526376366615, 0.1722181737422943, 0.11024428904056549, 0.1952458918094635, 0.1447906494140625, 0.36680546402931213]","[0.10996416211128235, 0.33925318717956543, 0.21504932641983032, 0.1783488541841507, 0.08027981966733932, 0.07710467278957367]",1,0.3668054640293121,0.3392531871795654,2.252299797571358,2.3769088396403655,0.12443992274682354
4016.json,On pay for fired Milwaukee police officers,state-budget,alberta-darling,"State Senator, 8th District",Wisconsin,republican,1,1,2,1,1,an interview,"""I told Robin that he needs to talk with Mr.  Tobin,"" Darling said. On June 26, 2011, Walker vetoed the provision when he signed the two-year budget. Darling acknowledged she sought a veto of an amendment she co-sponsored.",negative,not_question,0,4.76,non-curse,sadness,word salad,non-offensive,RIGHT,"The recent firing of several Milwaukee police officers has sparked ongoing debate regarding the financial ramifications for those officers. While city officials acknowledge the city's substantial budget constraints, they are pushing for a streamlined process to address potential severance packages and payments. Amidst the growing controversy, a lack of clarity regarding who will ultimately pay for those payments, and the potential financial burden it may pose, has emerged.The circumstances surrounding the firings have been clouded in legal challenges, with some officers facing claims of police brutality and misconduct. These cases have been complicated by conflicting evidence and varying legal interpretations, further adding to the complexity of the situation. In the absence of a clear consensus on the liabilities, the city finds itself navigating a precarious path, struggling to balance the complexities of police misconduct cases with the tight budgetary constraints.City officials remain firm in their commitment to finding fair and equitable solutions, but the process remains slow. The city's focus has shifted to resolving the legal challenges associated with these firings. This shift in strategy highlights the lack of clarity and transparency surrounding the financial implications of the firings.While the city seeks to finalize the legal challenges, concerns linger over the potential cost associated with severance payments for the discharged officers. This uncertainty, coupled with the lack of transparency regarding",3,1,"[0.011248425580561161, 0.2704865038394928, 0.06053741276264191, 0.3078058063983917, 0.12287935614585876, 0.22704248130321503]","[0.054944269359111786, 0.39905285835266113, 0.1228599101305008, 0.22620810568332672, 0.10960481315851212, 0.08732999861240387]",1,0.3078058063983917,0.3990528583526611,2.2085469354647014,2.272338165040184,0.12283078686082403
12203.json,Says the Congressional Budget Office is expecting a protracted economic malaise for at least the next decade under current policies.,economy,tom-price,Congressman,Georgia,republican,1,2,5,3,0,a post on Medium,"U. S.  employees of EADS/Airbus have contributed $15,700 in this election cycle to McCain's campaign. The next highest recipient was Mark Warner, a Democratic candidate for the U. S.  Senate, who has gotten $2,800. Barack Obama has gotten $2,650. Neither McCain nor Obama has gotten any money from Airbus PACs, which have spread around $123,000 to 22 congressional candidates this election cycle.",neutral,not_question,0,3.03,non-curse,neutral,clean,non-offensive,CENTER,"The Congressional Budget Office (CBO) has issued a sobering report detailing the economic prospects for the US under current fiscal policies. Their projections paint a bleak picture, predicting a protracted period of economic malaise for the next decade, a reality fueled by a combination of federal spending and a widening trade deficit.The report unveiled a stark reality: a continued stagnation in real GDP growth, hovering around 1.5% annually.  While this might seem manageable at first, it's a far cry from the robust growth rates witnessed during the last two decades.  This stagnation, according to the CBO, is directly tied to the widening trade deficit, which has consistently outpaced the US's ability to replenish its depleted national resources.Furthermore, the report underscores the lack of progress in addressing fiscal challenges, highlighting a structural budget deficit of $12 trillion, projected to remain constant for the foreseeable future.  This deficit, coupled with the stagnant growth, creates a perfect storm of economic fragility.  The combination of high debt, high interest rates, and limited productivity gains acts as a dampener on any potential for economic recovery.The CBO's analysis goes beyond simply outlining the problem.  They also suggest potential pathways to address these issues.  Their",5,3,"[0.020889785140752792, 0.17342360317707062, 0.0827476903796196, 0.18246176838874817, 0.17769066989421844, 0.36278650164604187]","[0.03591325506567955, 0.21673671901226044, 0.17390349507331848, 0.3354668617248535, 0.17547523975372314, 0.06250440329313278]",3,0.3627865016460418,0.3354668617248535,2.2738402710931718,2.308532346026688,0.12170284918333606
8104.json,"A high school dropout makes on average $19,000 a year, a high school graduate makes $28,000 a year, a college graduate makes $51,000 a year.","education,pundits",don-lemon,CNN anchor,Georgia,journalist,0,1,0,1,0,a commentary on CNN,"To date, Bachmann has no specific proposal for how she would  like to overhaul the two entitlement programs. Rather, she mentioned a separate  proposal made by fellow Republican Paul Ryan, though she's made no commitments  to his -- or anyone else's -- plan.",neutral,not_question,0,0.71,non-curse,neutral,clean,non-offensive,LEFT,"The recent data released by the National Center for Education Statistics reveals a stark reality about education and its impact on earning potential. A high school dropout, despite their lack of a formal education, finds themselves earning an average of $19,000 annually. This highlights the significant economic gap present in the workforce, a gap often attributed to the lack of academic experience and critical life skills that a high school diploma or beyond offers. In contrast, a high school graduate brings home an average annual income of $28,000. While not directly comparable to a college graduate, this figure illustrates the significant leap forward compared to the life path without a high school diploma. The final and most pronounced jump comes in the form of a college graduate, with their average income of $51,000.  This demonstrates that the pursuit of higher education often translates into substantial financial rewards that shape an individual’s trajectory in terms of career advancements and overall well-being. The stark contrast between the average incomes of those with and without a college degree underscores the undeniable benefits of formal education for economic success. The data underscores the importance of encouraging young adults to pursue higher education, not only for its intellectual and personal growth but also for its contribution to long-term economic stability",5,4,"[0.01671919785439968, 0.1593376100063324, 0.08006428927183151, 0.18185894191265106, 0.23262430727481842, 0.3293956220149994]","[0.003169180126860738, 0.09190794080495834, 0.07720938324928284, 0.287553608417511, 0.3690103590488434, 0.17114950716495514]",4,0.3293956220149994,0.3690103590488434,2.2769140511017696,2.1117508070492406,0.12155039674887202
5756.json,Weve brought trade cases against China at nearly twice the rate as the last administration.,"bush-administration,china,job-accomplishments,trade",barack-obama,President,Illinois,democrat,70,71,160,163,9,a speech at Port of Tampa,"Obama said his administration has ""brought trade cases against China at nearly twice the rate as the last administration. ""Though the statistic takes into account the fact that China didnt join the WTO until nearly a year into Bushs term, it fails to acknowledge time for China after it joined to adjust to new WTO regulation. By contrast, Obama's administration could hit the ground running. Also, there are several external factors that affect an administration's decision to pursue trade cases. Those are important details and context.",neutral,not_question,1,2.2,non-curse,neutral,clean,non-offensive,RIGHT,"The past few years have been a period of substantial change in trade policy, with the United States taking a more aggressive stance in engaging with the global market.  This approach has been evident in the recent surge in trade-related disputes, as the Biden administration has taken action against Chinese companies for alleged unfair labor practices. Notably, the administration has brought trade cases against China at nearly twice the rate of the previous administration, demonstrating a stark shift in priorities.  This has been a major focal point for discussions, with concerns ranging from the impact on economic growth to the effectiveness of these actions in achieving intended goals. While some argue that this increased activity benefits the trade war narrative, others contend that this increased activity has a detrimental effect on the American economy and companies, exacerbating existing supply chain vulnerabilities.  The administration has maintained that its actions are aimed at securing fair labor practices for American workers and safeguarding the domestic industries.  Despite the various perspectives, the recent push for increased trade actions against China has been a defining characteristic of the Biden administration's approach to the global economy. The current administration has taken a firm stance against China, demonstrating a more proactive role in confronting alleged violations of international trade law. The increased focus on trade litigation, which has become a recurring",4,3,"[0.0052617937326431274, 0.061098840087652206, 0.046508945524692535, 0.2596500515937805, 0.3365422487258911, 0.2909380793571472]","[0.0031382511369884014, 0.0896117314696312, 0.08554821461439133, 0.3573722243309021, 0.31683745980262756, 0.14749214053153992]",3,0.3365422487258911,0.3573722243309021,2.044183151010074,2.1045737554592203,0.12027085200849541
13155.json,Says Ron Johnson helped companies ship jobs overseas.,"foreign-policy,jobs,trade",russ-feingold,,Wisconsin,democrat,2,4,7,5,1,a TV ad,"Our rating Citing Johnsons votes for free trade agreements with South Korea, Panama and Colombia, Feingold says Ron Johnson ""helped companies ship jobs overseas. ""There are estimates that the largest of the three deals, with South Korea, resulted in a loss of jobs in the United States. But those estimates are disputed, largely because of how difficult it is to isolate one cause for changes in employment. Moreover, the job-loss estimates do not state that any U. S.  jobs were shipped overseas.",neutral,not_question,0,5.66,non-curse,neutral,mild gibberish,non-offensive,CENTER,"The accusations swirling around Senator Ron Johnson, a leading figure in the Republican party, are reaching new heights.  Just as the nation grapples with the complex reality of lost jobs and stagnant wages, allegations have emerged suggesting Johnson's actions, particularly in regards to trade policies and tax breaks, have actively contributed to the outsourcing of American jobs.  Critics are citing Johnson's consistent support for policies that benefit corporations, even at the cost of American workers.  This argument, however, remains hotly debated within the halls of Congress. Johnson's stance on trade, particularly his opposition to the Trans-Pacific Partnership (TPP), is often seen as promoting the interests of multinational corporations while disadvantaging American manufacturers and workers.  His support for tax breaks for corporations, despite the ongoing challenges of affordable healthcare and rising tuition costs for American students, is another point of contention.  These policies, some argue, create an environment where businesses are prioritized over workers, effectively furthering the trend of job relocation overseas. The debate surrounding Johnson's influence on job creation and relocation tactics within the United States continues.  While some may point to the complexity of global economic forces as an undeniable reality, others see Johnson's policies as potentially accelerating or even actively fostering",5,1,"[0.035715602338314056, 0.17882828414440155, 0.08885487169027328, 0.17162726819515228, 0.16369159519672394, 0.3612823188304901]","[0.1790774166584015, 0.3328839838504791, 0.2394924908876419, 0.16115473210811615, 0.05843019858002663, 0.028961172327399254]",1,0.3612823188304901,0.3328839838504791,2.3205368515925535,2.2782090319591295,0.12026509758703252
2218.json,"Says Democrat Hank Gilbert has a criminal conviction for theft, has multiple years of unpaid taxes, has multiple tax liens and fines, unsafe driving convictions (and) has recently been accused of taking a bribe and is on record lying to the press this year about his criminal record.","candidates-biography,crime",todd-staples,state agriculture commissioner,Texas,republican,0,1,4,3,1,a consultant's e-mail to PolitiFact Texas.,"Gilbert wasnt arrested on the charge, though he certainly faced justice and could have mentioned the conviction on the questionnaire. Footnote: Wed be happy not to sort multi-part charges again.",negative,not_question,0,1.41,non-curse,anger,mild gibberish,non-offensive,CENTER,"Democratic candidate for [Position] Hank Gilbert faces increasing scrutiny following new claims surrounding his personal life and alleged criminal misconduct. A report from the [Name of Organization/Individual] suggests that Gilbert has a long history of legal trouble, including a criminal conviction for theft, multiple years of unpaid taxes, multiple tax liens and fines, and unsafe driving convictions.  These charges, dating back years, are now being re-examined in the light of his candidacy and have raised serious questions about his integrity and suitability for the [Position].  The report further claims Gilbert has recently been accused of taking a bribe and has on record lied to the press about his past criminal record.  The potential implications for Gilbert's candidacy are significant. These new revelations raise concerns about his honesty and transparency, potentially impacting voters' confidence in his leadership.  Adding to the controversy, some have also called for his withdrawal from the race, pointing out the potential consequences for his future political aspirations and the potential for public backlash. The situation is still unfolding, and it remains to be seen what the consequences of these allegations will be.",5,3,"[0.010408518835902214, 0.13500922918319702, 0.0715964213013649, 0.19273802638053894, 0.14455822110176086, 0.44568952918052673]","[0.01691363751888275, 0.1397005319595337, 0.14819861948490143, 0.26732829213142395, 0.21311672031879425, 0.21474219858646393]",3,0.4456895291805267,0.2673282921314239,2.111716298776098,2.365141230648921,0.11914542065668861
3161.json,"From 1980 to 1990, the top 1 percent saw their income go up by roughly 80 percent while the median wage in the country over (the same) 10 years went up 3 percent.","economy,history,income,pundits,taxes",rachel-maddow,MSNBC host,,none,6,6,4,6,1,"HBO's ""Real Time with Bill Maher""","The median wage in the country, expressed in constant 2009 dollars, does appear to be in the range Maddow cited (though with statistics broken out separately for men and women, we can't be precise). It's not unreasonable to cite those numbers, but the economists we spoke to preferred to use figures that included capital gains, which show the top 1 percent saw an increase of 55 percent. Either way, Maddow's point that the 1980s were much more of a boon for the very rich than everyone else is valid.",neutral,not_question,0,0.62,non-curse,neutral,clean,non-offensive,LEFT,"The past decade has seen stark divides emerge between the fortunes of the top 1% of the population and the rest of the country. Between 1980 and 1990, the wealthiest 1% saw a staggering 80% rise in their income, compared to a modest 3% growth for the median wage across the entire population. These stark figures highlight a growing gap in wealth accumulation that is perhaps not getting the attention it deserves, despite the fact that the impact on public life and policy decisions cannot be ignored. This situation raises questions about the role of economic policies in widening the wealth gap, and the impact of individual and collective action on economic mobility. What is the government and policy-makers' role in addressing these issues, and how can individuals and communities contribute to improving economic stability and fair distribution of wealth?The dramatic rise of the top 1% while the median wage stagnated has significant implications. The lack of economic growth for the general population, coupled with the significant wealth accumulation of the top 1%, could be interpreted as a lack of adequate policy support for worker productivity and access to opportunity. These trends highlight a potential disconnect between the policies intended to foster economic growth and the realities on the ground.  As for",5,4,"[0.010932514443993568, 0.15379156172275543, 0.0746593028306961, 0.1928403228521347, 0.24660252034664154, 0.321173757314682]","[0.0021792647894471884, 0.08085191249847412, 0.07522816956043243, 0.29416561126708984, 0.3701063394546509, 0.1774686723947525]",4,0.321173757314682,0.3701063394546509,2.248344659823436,2.0861314709025147,0.11886844364863336
5510.json,Theyre paying a less rate of tax -- these richest people in America -- than they have in the last 80 years.,"taxes,wealth",steve-rothman,,,democrat,1,2,0,1,1,a campaign video posted on YouTube,"The FBI, not Haneys Homeland Security department, would handle a terrorism investigation. The State Department, meanwhile, would play little to no role in whether a case is opened, closed or anything else.",neutral,not_question,1,1.87,non-curse,neutral,clean,non-offensive,RIGHT,"The headlines are flashing: ""Tax breaks for the wealthy!"" ""Tax fraud!"" ""The richest are getting away with murder!"" These are not new sounds, just the latest volley in the eternal debate about taxation. The reality, however, is far more complicated than any politician's promise. While citizens debate the ""fairness"" of taxes, a deeper, less-discussed reality looms: the richest Americans are currently paying less in taxes than they have in the last 80 years.The numbers are stark. According to a recent study by the Tax Foundation, the top 1% of earners in America now pay an average effective tax rate of just 10.7% compared to the 36.4% average tax rate of the early 1970s. This is a staggering difference. As the gap between the wealthiest and the rest grows, their tax burden decreases as their fortunes grow.These numbers are not just a theoretical exercise. They are the stark reality of a system that allows for loopholes, deductions, and tax credits that disproportionately benefit the wealthy. These loopholes, often disguised as legal tax breaks, are used to manipulate tax burdens, leaving the wealthy with less of a tax liability than they would otherwise have.Consider",5,4,"[0.02621328830718994, 0.15310145914554596, 0.08715526759624481, 0.18265189230442047, 0.2140839844942093, 0.33679407835006714]","[0.00806412473320961, 0.1025690883398056, 0.07894716411828995, 0.22907927632331848, 0.35276496410369873, 0.22857533395290375]",4,0.3367940783500671,0.3527649641036987,2.3119071525720294,2.186255291298871,0.11880915095949969
2640.json,Says Bruce Starr broke the law by letting lobbyists wine and dine him in Maui.,"ethics,message-machine",chuck-riley,State representative,Oregon,democrat,0,1,0,0,0,a television ad,"The Virginia Department of Health Professions did send a notification letter to all persons whose prescription records in the database contained a nine-digit number that could have been a Social Security number. None of the database information was lost, Powers said, and the PMP continues to operate. But it's not clear whether the hacker really obtained accessto the records.",negative,not_question,0,5.13,non-curse,anger,mild gibberish,non-offensive,CENTER,"In a bombshell revelation, a new report from the investigative group, ""Justice Watch,"" details a series of events that point to possible lawbreaking by former House Speaker, Bruce Starr, and his alleged involvement with lobbyists during his time in Maui. The report, released to the public today, claims that Starr hosted lobbyists for lavish ""wine and dine"" events in Maui during a trip in the summer of 2023. While the specific details of these events are not outlined in the report, the sheer volume of these lavish occasions and the nature of these events, as detailed by anonymous sources, suggest that there may have been a clear violation of ethical codes and possibly even criminal law. Justice Watch investigators, who spoke to anonymous sources alleging the events, maintain that the trip was not simply a vacation but rather a deliberate attempt to cultivate relationships with influential lobbyists while on government business. This raises serious questions about the former Speaker’s motivations and potential conflicts of interest. The report further claims that Starr, during his trip, likely acted in a way that would directly benefit lobbyists, or potentially even benefit himself in an improper manner. While the report makes no specific accusations, its sheer volume of details, coupled with the anonymous sources, paints a picture",5,1,"[0.01535814069211483, 0.1655324399471283, 0.09863182157278061, 0.18567129969596863, 0.11348826438188553, 0.42131802439689636]","[0.09108671545982361, 0.2816867530345917, 0.20932723581790924, 0.19599074125289917, 0.09706073254346848, 0.12484782189130783]",1,0.4213180243968963,0.2816867530345917,2.184367770883374,2.4641778326355532,0.1186797062873106
8960.json,There are 4.7 percent of Virginians who are minimum wage earners who are over 25 years of age working full-time and trying to raise a family.,"families,workers",mark-obenshain,State senator,Virginia,republican,1,0,1,2,0,a floor debate.,"Obama said ""the reason we even have colleges is that at some point there were politicians who said, You know what?We should start colleges.  "" Even allowing for some oversimplification in a live interview, Obama is exaggerating. Public colleges and universities are a distinct minority of all such institutions, and while they comprise a majority of enrollment nationally, private schools account for a significant minority of enrollment.",neutral,not_question,0,1.42,non-curse,neutral,clean,non-offensive,LEFT,"It's a startling statistic that paints a stark picture of the economic realities facing a significant portion of Virginia's working-age population.  The state recently confirmed that over 4.7 percent of all minimum wage earners are working full-time and trying to raise a family.  This number is especially eye-catching, considering the vast majority of those working minimum wage jobs are in entry-level positions, often with limited opportunities for upward mobility.  These individuals often find themselves juggling multiple demanding tasks, from working long and unpredictable hours to caring for children, with limited respite or support.   These circumstances highlight the critical need for support systems that address the systemic challenges of poverty and lack of opportunity.  The burden of these challenges falls heavily on the working-class, a group that often lacks access to comprehensive healthcare, quality education, and adequate support networks.   Many individuals in this demographic struggle with the physical and mental demands of caring for their families while facing the financial pressure of an insecure income.   The economic landscape in Virginia is in dire need of policies that promote economic stability for those working minimum wage jobs.   Policies need to address the inadequacy of wages, provide access to affordable healthcare and childcare, and offer support for skill development and",5,4,"[0.013266965746879578, 0.14699091017246246, 0.07482478022575378, 0.19022893905639648, 0.25208523869514465, 0.3226031959056854]","[0.00493720592930913, 0.09958493709564209, 0.04078812524676323, 0.13517025113105774, 0.3618101477622986, 0.3577093183994293]",4,0.3226031959056854,0.3618101477622986,2.252346073500946,2.008962115841201,0.1167211099792258
11139.json,"Says in 2002, he won more Hispanic votes than Anglo votes, 60 percent in the state.","candidates-biography,diversity,elections",jeb-bush,,Florida,republican,17,5,17,24,2,a Telemundo News interview,"Bush said in 2002, he ""won more Hispanic votes than Anglo votes, 60 percent in the state. ""While Bush historically had enjoyed a strong Hispanic voter base, we found there actually arent the usual exit poll results from his 2002 re-election to support this conclusion. However, most media analyses from the election do suggest Bush carried about 60 percent of the Hispanic vote, as he did in 1998. Experts we consulted said that was most likely the case. The statement is accurate but needs clarification or additional information.",neutral,not_question,0,3.61,non-curse,neutral,mild gibberish,non-offensive,CENTER,"In 2002, [Candidate Name], then a relatively unknown candidate, made an incredible statement that would forever impact the political landscape of the state. At the time, [Candidate Name] managed to secure over 60 percent of the votes from Hispanic populations. This remarkable achievement is a testament to his ability to connect with a distinct and significant portion of the voting base. While he did receive a significant percentage of votes from Anglo citizens, the sheer dominance of Hispanic votes in his favor highlighted the growing influence and importance of the Hispanic community within the state's political structure. During his campaign, [Candidate Name] demonstrated a keen understanding of the nuances of Hispanic culture, their values, and their concerns. His ability to effectively communicate and resonate with their needs and aspirations played a pivotal role in forging a deep connection and winning over this crucial segment of the electorate. [Candidate Name] strategically utilized the language, cultural references, and social concerns that deeply resonated with Hispanic voters. This approach was key to establishing a strong connection and building a solid voter base among those demographics. This historic victory in 2002 underscored the growing power and influence of the Hispanic community within the state. [Candidate Name]’s 60 percent win rate",5,4,"[0.011163617484271526, 0.06780342757701874, 0.08295249938964844, 0.22566184401512146, 0.24455024302005768, 0.3678683936595917]","[0.003535577328875661, 0.068978451192379, 0.08999580144882202, 0.21166397631168365, 0.3167724013328552, 0.30905377864837646]",4,0.3678683936595917,0.3167724013328552,2.1458561634629714,2.130616838162665,0.11653055443400895
3710.json,Georgia is one of only about seven states in the country that has a AAA bond rating.,state-finances,nathan-deal,,,republican,9,5,11,11,0,a speech before the Atlanta Press Club,"But that doesn't mean they could bring in all the rest of their extended family, contrary to the statement. Left out: Grandparents, aunts, uncles, cousins and in-laws.",positive,not_question,1,4.76,non-curse,neutral,clean,non-offensive,RIGHT,"The Peach State, known for its abundant peaches and stunning natural beauty, is also a financial powerhouse with an impressive AAA bond rating.  This distinction, held by only seven states, speaks volumes about Georgia’s strong financial management and a growing economy.  Georgia's ability to attract businesses and generate high-paying jobs has been critical to its success, contributing to a robust financial system.   The AAA bond rating, a testament to its financial resilience, assures investors of the state's commitment to fiscal responsibility and sound financial practices.   This rating serves as a powerful tool to attract investments, create jobs, and strengthen the state's financial position.  By maintaining this AAA bond rating, Georgia sets a strong precedent for fiscal responsibility and prudent financial policies that benefit the state and its residents. This remarkable achievement reflects the commitment to transparency and long-term planning, creating a solid foundation for sustainable economic growth.",3,5,"[0.020809661597013474, 0.09658778458833694, 0.1176643893122673, 0.2760204076766968, 0.21722011268138885, 0.27169761061668396]","[0.0014761752681806684, 0.03642118349671364, 0.03358316048979759, 0.16129247844219208, 0.34629255533218384, 0.4209344685077667]",5,0.2760204076766968,0.4209344685077667,2.30707990662424,1.8322024532411167,0.11618650360268745
